row ID,x,y,z,r,Phenylalanine,Isopentenyl pyrophosphate,Diethyltoluamide,Dimethyl phthalate,Caffeine,delta-Dodecalactone,L-Tryptophan,N-Tetradecanoyl-L-homoserine Lactone,Glycyl-L-phenylalanine,Oxybenzone,Diethyl azelate,Myristic acid ethyl ester,"cis-9,10-methylene-hexadecanoic acid",Doxylamine,Dextromethorphan,4-Acetylpiperidinium Chloride,Diisobutyl phthalate,"Conjugated linoleic Acid (10E,12Z)",Oleic acid,(-)-Epicatechin,Avobenzone,Dihydrosphingosine (19:0),Phytosphingosine,Sodium Laureth Sulfate,Monoelaidin,Hexapropylene glycol,Sodium Laureth Sulfate + Na,Dioctyl phthalate,Tributoxyethyl phosphate,Glycodeoxycholic acid,Glycocholic acid
Plate1_V3_B2_01_12194,-11.2091,-2.1313,36.5234,0.6,0,0,0,0,0,0,0,0,0,130229,0,0,0,0,18649,0,0,0,15739.7998,0,141035,0,0,68960,0,0,11094.40039,5185.939941,42457.10156,0,0
Plate1_V3_B3_01_12198,-9.2461,-4.2654,36.9833,0.6,0,0,12717.09961,0,0,0,348404,17116.59961,0,68784,0,0,13739.7998,0,28772.30078,0,0,6270.399902,59306.80078,0,103187,0,30378.30078,68406.39844,0,0,30154.5,15267.7002,44292.10156,0,0
Plate1_V3_B4_01_12199,-8.246,-4.7718,36.9162,0.6,0,0,12924.2998,0,0,0,96021.20313,13416.2002,0,181213,0,0,23417.19922,0,32876.69922,0,0,6913.370117,66973.10156,0,124385,0,25506.90039,25499.40039,0,0,10137.2998,7208.540039,24487.19922,0,0
Plate1_V3_C10_01_12203,-10.7429,-1.0735,33.8251,0.6,0,0,6697.620117,0,0,0,173294,23409.30078,0,42922.60156,0,0,14174.2998,0,18288,0,16441.69922,22585.80078,53802.89844,0,49107,0,18041.09961,49316.10156,0,0,12061.2002,0,23956,0,0
Plate1_V3_C1_01_12200,-9.4815,-3.1248,32.6825,0.6,0,0,17061.59961,0,0,0,62315.69922,18877.80078,0,72381.10156,0,0,40006.69922,0,26368.90039,0,16871.69922,6560.22998,83795,0,56670.10156,0,31083.09961,65937.5,0,0,22259.30078,6800.72998,27052.30078,0,0
Plate1_V3_C5_01_12201,-10.6038,-2.3154,33.9712,0.6,0,0,26213.19922,0,0,0,80321.29688,27197.90039,0,171714,0,0,12886.59961,0,45812,0,0,5163.549805,62039.5,0,112389,0,20807.59961,116641,0,0,29446.19922,11587.2002,84547.89844,0,0
Plate1_V3_C7_01_12220,-8.8633,-1.6254,32.139,0.6,0,0,32883.80078,0,0,0,0,13846.2002,0,326122,0,0,14609.2998,0,21694.90039,0,0,7903.600098,64885.10156,0,55820.89844,0,11202.2998,102677,0,0,29345.69922,5233.790039,66543.79688,0,0
Plate1_V3_D4_01_12206,-9.6647,-1.7473,38.1282,0.6,0,0,17722.80078,0,0,0,86787.79688,13751.2998,0,72354.39844,0,0,11668.5,0,30146.5,0,0,6249.100098,46482.30078,0,64728.80078,0,25595,29487.40039,0,0,11068.7002,5766.740234,29819,0,0
Plate1_V3_D7_01_12207,-10.1473,-2.2866,36.3505,0.6,0,0,23137.80078,0,51072.69922,0,140076,12973.09961,0,90197.60156,0,0,0,0,46702.89844,0,12512.2002,6524.560059,44134.10156,0,75911.60156,0,18777.59961,35824.89844,0,0,13643,5197.129883,22036.09961,0,0
Plate1_V3_E1_01_12208,-9.5549,-4.5225,34.4058,0.6,0,0,14345.40039,0,0,0,104749,12793.2002,0,87770.60156,0,0,0,0,22558.30078,0,16664.80078,6128.899902,40694.19922,0,77132.89844,0,11830.2998,25397.30078,0,0,9565.269531,5944.120117,14289.40039,0,0
Plate1_V3_E4_01_12209,-9.8325,-3.9053,35.1817,0.6,0,0,16964.30078,0,0,0,116671,6907.689941,0,39808.60156,0,0,0,0,19364,0,0,0,23797.40039,0,0,0,12728.2998,23343.5,0,0,0,0,11458.7002,0,0
Plate1_V3_E6_01_12210,-8.9868,-2.9159,32.9657,0.6,0,0,25372.30078,0,17506.59961,0,291018,12198,0,231688,0,0,11892.2998,0,33129.5,0,0,5600.930176,38568.69922,0,145021,0,13363,39393.80078,0,0,33194.89844,0,22931.5,0,0
Plate1_V3_F12_01_12172,-7.253,-4.6344,1.3167,0.6,0,0,20311.59961,0,0,0,140059,0,0,0,0,0,0,0,249823,0,13201.40039,0,18177.59961,0,0,0,21051.59961,12327.2998,0,0,0,0,0,0,0
Plate1_V3_F2_01_12211,-10.2607,-0.9702,34.0016,0.6,0,0,13304.2002,0,0,0,124081,11964.7998,0,90703.89844,0,0,25811.40039,0,21134.40039,0,0,6750.680176,68776.39844,0,135161,0,31435,47704.5,0,0,19160.09961,16422.59961,21342.5,0,0
Plate1_V3_F5_01_12212,-4.5291,-3.7275,4.0411,0.6,0,0,8154.430176,0,0,0,90584.20313,0,0,5461.649902,0,0,0,0,336253,0,20315.90039,0,26402.5,0,0,0,30824.69922,17791.09961,0,0,0,6003.680176,0,0,0
Plate1_V3_F9_01_12171,-6.3656,-2.9713,1.5803,0.6,0,0,19725.90039,0,0,0,92631.89844,0,0,0,0,0,0,0,245431,0,16547.80078,0,15657,0,0,0,23527.5,14402.7002,0,0,0,8074.549805,0,0,0
Plate1_V3_G10_Rerun_GA1-_01_19726,-7.2293,-6.8055,1.1977,0.6,0,0,7261.5,0,0,0,0,0,0,40237.30078,0,0,0,0,114057,0,0,0,0,0,0,0,0,0,0,0,0,0,0,0,0
Plate1_V3_G11_Rerun_GA5-_01_19731,-8.2348,-8.2815,0.5795,0.6,0,0,19034.19922,0,0,0,0,0,0,0,0,0,0,0,45796.89844,0,15531.59961,0,0,0,0,0,0,0,0,0,0,0,5096.529785,0,0
Plate1_V3_G12_Rerun_GA6-_01_19732,-7.9829,-7.4021,1.021,0.6,0,0,10917.40039,0,0,0,0,0,0,0,0,0,0,0,179560,0,0,0,0,0,0,0,5324.160156,0,0,0,0,0,0,0,0
Plate1_V3_G2_01_12175,-6.6365,-10.3602,0.9378,0.6,77863.89844,0,42883.80078,0,0,0,26725.40039,0,0,42356.5,0,0,0,0,47767.80078,0,0,0,23374.69922,0,0,0,0,6218.450195,0,0,0,6066.240234,20461.30078,0,0
Plate1_V3_G5_01_12176,-7.531,-9.8384,0.8096,0.6,0,0,14511.7998,0,0,0,122562,0,0,21294.59961,0,0,0,0,42457.30078,0,13868,0,21178.5,0,0,0,12476.90039,6710.919922,0,0,5802.990234,0,16942,0,0
Plate1_V3_G7_Rerun_GA2-_01_19727,-6.8356,-7.5039,1.2271,0.6,0,0,6443.700195,0,0,0,280190,0,0,34832.39844,0,0,0,0,122283,0,10322.90039,0,6106.810059,0,0,0,7977.799805,0,0,0,0,0,0,0,0
Plate1_V3_G8_Rerun_GA3-_01_19730,-7.935,-9.0562,0.6841,0.6,0,0,8023.040039,0,0,0,0,0,0,16940.40039,0,0,0,0,28570.09961,0,0,0,0,0,0,0,0,0,0,0,0,0,0,0,0
Plate1_V3_G9_Rerun_GA4-_01_19729,-7.5758,-8.2626,1.1699,0.6,0,0,6214.370117,0,0,0,0,0,0,0,0,0,0,0,92596.79688,0,0,0,0,0,0,0,0,0,0,0,0,0,0,0,0
Plate1_V3_GA10_01_12073,-11.1687,-1.3162,38.1176,0.6,0,0,13355.7002,0,0,0,109513,12830.5,0,95491.60156,0,0,0,0,105260,0,0,0,34889.69922,0,137371,0,19845.5,240498,0,0,41991.89844,11705,116582,0,0
Plate1_V3_GA11_01_12074,-11.0485,-3.2197,37.5143,0.6,0,0,0,0,0,0,12761.7002,0,0,127630,0,0,0,0,25782.40039,0,0,0,24650.19922,0,188102,0,17040.09961,69021.89844,0,0,14864.40039,8891.129883,37822.10156,0,0
Plate1_V3_GA12_01_12075,-11.1847,-1.2524,37.2899,0.6,0,0,8942.139648,0,0,0,71831.79688,8896.44043,0,122496,0,0,0,0,69559.70313,0,0,0,48347.89844,0,219998,0,18309.90039,125417,0,0,25868,12590.90039,66121.20313,0,0
Plate1_V3_GA4_01_12062,-10.3794,-3.6014,39.754,0.6,0,0,10401.2002,0,0,0,0,5766.419922,0,13860.7998,0,0,0,0,18208.90039,0,0,0,18861,0,0,0,0,11996,0,0,0,13418.09961,0,0,0
Plate1_V3_GA5_01_12063,-10.4918,-3.3009,40.4721,0.6,0,0,0,0,0,0,0,10377.09961,0,19093.09961,0,0,0,0,38254.69922,0,0,0,44852.60156,0,54542.19922,0,13649.7002,14767.2998,0,0,0,13215.2002,82484.5,0,0
Plate1_V3_GA6_01_12064,-11.3328,-1.4986,39.4149,0.6,0,0,6225.330078,0,0,0,67298.70313,0,0,18074.19922,0,0,0,0,49521.89844,0,0,0,16026.5,0,0,0,0,36465.19922,0,0,16286.59961,12343.40039,27046.90039,0,0
Plate1_V3_GA7_01_12070,-11.3735,-1.5912,40.1318,0.6,0,0,6355.919922,0,0,0,56284.19922,5468.310059,0,24205.69922,0,0,0,0,41056,0,0,0,23261.59961,0,0,0,14162,13261.2002,0,0,0,6565.799805,0,0,0
Plate1_V3_GA8_01_12071,-9.7202,-4.0239,38.6296,0.6,0,0,10901.59961,0,0,0,59841.19922,20834,0,59044.39844,0,0,0,0,45162.80078,0,0,0,58467.89844,0,99962.79688,0,37121.5,22800.80078,0,0,5530.899902,9334.280273,16487.40039,0,0
Plate1_V3_GA9_01_12072,-11.1109,-3.0993,38.3543,0.6,0,0,0,0,0,0,0,0,0,48268,0,0,0,0,0,0,0,0,0,0,0,0,0,10882.90039,0,0,0,0,0,0,0
Plate1_V3_GB10_01_12090,-9.9801,-4.1909,34.1565,0.6,0,0,12568.40039,0,0,0,71591.89844,9790.240234,0,60133.89844,0,0,0,0,19547.09961,0,0,0,40132.30078,0,63192.89844,0,16866.59961,32635.69922,0,0,13350.09961,0,22463.5,0,0
Plate1_V3_GB11_01_12091,-10.9731,-3.5549,35.3296,0.6,0,0,10278.90039,0,0,0,65917.20313,10083.2998,0,224486,0,0,21651.5,0,39114.69922,0,10387.7002,6647.669922,64539.30078,0,247369,0,19393.69922,45495,0,0,12370.2002,9877.200195,25674.30078,0,0
Plate1_V3_GB12_01_12092,-10.2616,-3.4814,33.791,0.6,0,0,28891.5,0,0,0,108890,27941.90039,0,207816,0,0,30862.90039,0,38674.89844,0,11321.59961,0,63328.10156,0,109141,0,21831.80078,194698,0,0,39829.19922,5250.529785,87868.20313,0,0
Plate1_V3_GB1_01_12079,-10.8865,-3.6252,36.6554,0.6,0,0,5664,0,0,0,44449.69922,0,0,132385,0,0,0,0,25703.19922,0,0,0,22816.80078,47846.80078,136143,0,15538.09961,38324.89844,0,0,0,5503.290039,13154.59961,0,0
Plate1_V3_GB5_01_12083,-7.7385,-5.4478,35.9424,0.6,0,0,62511.10156,0,0,0,45866.60156,41934.39844,0,296367,0,0,45897.10156,0,32852.60156,0,0,17552,117301,0,107122,0,25282.69922,74977.29688,0,0,29894.69922,12845.59961,44306.39844,0,0
Plate1_V3_GB6_01_12084,-10.4905,-4.4554,35.6842,0.6,0,0,11866,0,0,0,83738.10156,30773.69922,0,183592,0,0,17885.19922,0,32216.5,0,0,14456.7002,74054.79688,0,169307,0,32993.10156,77649.39844,12481.2998,0,21984.30078,9483.330078,44119.5,0,0
Plate1_V3_GB7_01_12087,-10.2314,-4.6203,34.4196,0.6,0,0,24443,0,0,0,68016.10156,26689.80078,0,146468,0,0,37266.80078,0,27662.19922,0,0,13389.7998,82573,0,119399,0,20072.40039,130977,0,0,35104.39844,6108.97998,67188.20313,0,0
Plate1_V3_GB8_01_12088,-9.6894,-4.8712,33.1901,0.6,0,0,0,0,0,0,0,8102.350098,0,32144.69922,0,0,0,0,0,0,0,0,30106.59961,0,0,0,0,4499.700195,0,0,0,0,0,0,0
Plate1_V3_GB9_01_12089,-8.9959,-4.8406,32.3843,0.6,0,0,32630.5,0,0,0,0,25631.30078,0,163371,0,0,12688.90039,0,21804.5,0,9573.620117,4850.02002,76991.29688,0,56439.19922,0,17202.69922,97957.39844,0,0,25706.69922,0,52732.5,0,0
Plate1_V3_GC11_01_12108,-10.1572,-0.6686,32.9396,0.6,0,0,23316.59961,0,0,0,36930.80078,29061.5,0,163720,0,0,34101.69922,0,23849,0,0,6426.379883,88740.20313,0,66591.79688,0,25205.40039,128777,0,0,41044.5,0,68603.89844,0,0
Plate1_V3_GC12_01_12109,-9.7098,-1.7582,39.4284,0.6,0,0,20522.5,0,33929.80078,0,202459,36346.10156,0,85975.39844,0,0,19889,0,129828,0,20837.59961,6710.910156,87880.5,0,169487,0,42110.10156,40160.10156,0,0,13557.2998,13450.59961,38489.30078,0,0
Plate1_V3_GC2_01_12097,-8.3696,-2.4832,31.959,0.6,0,0,35339.19922,0,0,0,43222.19922,27256.19922,0,177517,0,0,38338.60156,0,26030.30078,0,0,12412,69256.60156,0,62071.19922,0,19142.69922,107384,0,0,25419.59961,4907.700195,55043.69922,0,0
Plate1_V3_GC3_01_12098,-9.7606,-2.5814,33.6987,0.6,0,0,6845.700195,0,0,0,88620.29688,8541.679688,0,100715,0,0,0,0,16628.19922,0,0,0,34984.89844,0,98993.5,0,8954.120117,44979.19922,0,0,10910.2998,0,24926,0,0
Plate1_V3_GC4_01_12099,-11.1762,-2.4722,35.3062,0.6,0,0,20937.30078,0,0,0,37661.5,24836.59961,0,239288,0,0,6783.819824,0,23093.5,0,0,5669.620117,58684.19922,0,205642,0,21573.09961,74502.79688,0,0,21603,7158.52002,43833.19922,0,0
Plate1_V3_GC6_01_12101,-9.8031,-1.9598,32.8823,0.6,0,0,13206.7002,0,0,0,80280.79688,21363.30078,0,35271,0,0,5323.799805,0,20819.19922,0,0,0,39545,0,23674.19922,0,15583,36312.5,0,0,10696.90039,0,27242.30078,0,0
Plate1_V3_GC8_01_12105,-11.2409,-1.6291,35.6639,0.6,0,0,14142.90039,0,0,0,106248,14546.2998,0,115137,0,0,9748.230469,0,25089.59961,0,0,0,37840.10156,0,97416.29688,0,15487.2998,57896.69922,0,0,19054.5,0,37267.80078,0,0
Plate1_V3_GC9_01_12106,-11.0451,-1.3644,34.551,0.6,0,0,23181.80078,0,0,0,93872.5,29678.69922,0,206580,0,0,16257.09961,0,38014.5,0,0,10172.5,78682,0,111702,0,24092.5,148111,0,0,29153.80078,6300.359863,78062.29688,0,0
Plate1_V3_GD10_01_12124,-7.9665,-4.2953,36.0529,0.6,0,0,26106.40039,0,0,0,109130,24120.80078,0,100043,0,0,36114.5,0,37766.10156,0,13168.59961,7327.109863,65086.19922,0,91387.79688,0,23095.09961,34056.10156,0,0,11219,11425.5,24585.40039,0,0
Plate1_V3_GD11_01_12125,-9.0715,-4.305,37.0241,0.6,0,0,21756.69922,0,37912.89844,0,166061,24344.90039,0,43264.89844,0,0,0,0,31597.80078,0,0,0,44192.5,0,62662.89844,0,23551,42609.5,0,0,0,5302.100098,27815.19922,0,0
Plate1_V3_GD12_01_12126,-10.0252,-4.609,36.2128,0.6,0,0,29499.80078,0,23763.30078,0,408264,28368.90039,0,98678.29688,0,0,28268.40039,0,42584.5,0,5329.040039,13007.2002,54522.5,0,95936.20313,0,21867.80078,46760.30078,0,0,16449.5,5291.319824,36925.30078,0,0
Plate1_V3_GD1_01_12113,-9.9977,-1.3239,39.4323,0.6,0,0,18370.40039,0,0,0,425042,24549.19922,0,85595.70313,0,0,23231.40039,0,127387,0,0,0,46057.19922,0,79539.60156,0,17727,46807.89844,0,0,12574,6313.319824,34378.30078,0,0
Plate1_V3_GD2_01_12114,-9.5802,-3.4402,39.6753,0.6,0,0,22180.19922,0,0,0,67692.29688,25524.30078,0,75918.79688,0,0,34442,0,34930.69922,0,0,12892.40039,78673,0,96032,0,21046,32784.69922,0,0,0,14230.40039,15534.40039,0,0
Plate1_V3_GD3_01_12115,-10.0907,-0.984,37.5441,0.6,0,0,19194.80078,0,0,0,92251.89844,11950.7002,0,92375.89844,0,0,10053.09961,0,44559.19922,0,0,4492.549805,44558.89844,0,74082.89844,0,13545.59961,59732.39844,0,0,12197.09961,5509.600098,33117.10156,0,0
Plate1_V3_GD5_01_12117,-8.2573,-3.6647,38.2872,0.6,0,0,27551.30078,0,32362.19922,0,350287,27780.69922,0,205253,0,0,24392.30078,0,42958.39844,0,0,5548.290039,67168.70313,0,207352,0,22607.5,47118.10156,0,0,15145.09961,16519.90039,35316.10156,0,0
Plate1_V3_GD6_01_12118,-10.433,-1.2945,36.2481,0.6,0,0,12831.59961,0,19866.90039,0,113614,19577.19922,0,195976,0,0,23895.5,0,51908.5,0,0,4075.51001,51760.89844,0,105364,0,7872.609863,41463.60156,0,0,13719.09961,7961.919922,32333.90039,0,0
Plate1_V3_GD8_01_12122,-9.0511,-3.7903,36.5934,0.6,0,0,18454.09961,0,34678.5,0,195761,21136.30078,0,70174,0,0,20626.09961,0,43690.60156,0,0,0,47845.30078,0,62214.30078,0,22870.59961,40964,0,0,12985.2002,12168.2002,27729.80078,0,0
Plate1_V3_GD9_01_12123,-7.5986,-5.3846,35.7752,0.6,0,0,28098.69922,0,18989.80078,0,131707,28805.30078,0,129657,0,0,38181.89844,0,47098.30078,0,16024.2998,13981.5,67803.20313,0,102369,0,22375.30078,47445.69922,0,0,10785.5,5432.040039,33802.80078,0,0
Plate1_V3_GE10_01_12141,-9.3298,-1.9007,33.1627,0.6,0,0,23953.40039,0,33335.60156,0,327849,21857.40039,0,158739,0,0,12546.90039,0,37204,0,5164.200195,10810.5,42009.80078,0,103978,0,17163.90039,45811.10156,0,0,14267.59961,0,28238.59961,0,0
Plate1_V3_GE11_01_12142,-8.6178,-1.6206,32.2627,0.6,0,0,16668.59961,0,0,0,55809.69922,23641.90039,0,98306.60156,0,0,23668.90039,0,26147.5,0,0,0,65601.70313,0,67013.79688,0,15930.7998,37139.10156,0,0,0,0,22938.90039,0,0
Plate1_V3_GE12_01_12143,-10.8289,-1.717,35.0313,0.6,0,0,27523.19922,0,39492.69922,0,349318,9671.80957,0,86607.10156,0,0,0,0,37165.39844,0,0,6719.410156,40357.80078,0,57356.69922,0,14047.40039,33566.10156,0,0,0,0,25002.19922,0,0
Plate1_V3_GE2_01_12131,-9.2259,-4.6981,33.5242,0.6,0,0,20383.09961,0,0,0,157568,9441.120117,0,152543,0,0,0,0,20522.30078,0,0,0,40954.80078,0,91216.5,0,5761.939941,23822.69922,0,0,0,4749.970215,18724.69922,0,0
Plate1_V3_GE3_01_12132,-8.7696,-4.7681,32.3776,0.6,0,0,7739.459961,0,0,0,52185.19922,17016.19922,0,67700.29688,0,0,0,0,22154.90039,0,0,8800.660156,30610.5,0,46244.10156,0,0,16455.40039,0,0,0,0,16166.7002,0,0
Plate1_V3_GE5_01_12134,-9.665,-3.1884,34.0355,0.6,0,0,26640.09961,0,0,0,134709,24279,0,124138,0,0,38359.30078,0,34651.10156,0,0,6669.180176,68011.5,0,86788.39844,0,14929,58002.30078,0,0,12463.09961,5861.5,33240.10156,0,0
Plate1_V3_GE7_01_12138,-8.2025,-2.4317,32.0994,0.6,0,0,23775.90039,0,17518,0,75420,36259,0,123627,0,0,40325.39844,0,39728.30078,0,15344.59961,12782.2002,80788,0,77988.60156,0,26094.5,40469.69922,0,0,11356.2002,0,17411.80078,0,0
Plate1_V3_GE8_01_12139,-10.6383,-2.7442,34.8869,0.6,0,0,18267.69922,0,0,0,104821,9616.629883,0,65590.79688,0,0,0,0,29658.19922,0,0,0,37483.80078,0,51836.69922,0,16584.30078,34927.89844,0,0,11148.59961,0,18084.59961,0,0
Plate1_V3_GE9_01_12140,-9.9103,-2.1484,34.1233,0.6,0,0,47604.30078,0,53704.60156,0,602784,53225.19922,0,222759,0,0,25278.09961,0,117035,0,18542.40039,17466.30078,139800,0,190685,0,40121.19922,101934,16607.30078,0,24419.09961,8059.799805,70335.29688,0,0
Plate1_V3_GF10_01_12157,-4.3265,-6.2701,2.133,0.6,0,0,27043.30078,0,32501.90039,0,475363,6365.299805,0,19167.19922,0,0,0,0,511670,0,0,0,26942.19922,0,0,0,16679.09961,34367.89844,0,0,19042.09961,10373.09961,30406.80078,0,0
Plate1_V3_GF11_01_12158,-5.8592,-6.0486,2.1569,0.6,0,0,5787.919922,0,0,0,64646,0,0,0,0,0,0,0,199395,0,12300,0,18446.90039,0,0,0,31057,0,0,0,0,11163.7998,18099,0,0
Plate1_V3_GF1_01_12147,-10.4251,-1.2543,34.6504,0.6,0,0,0,0,0,0,0,10995.7002,0,58238.19922,0,0,0,0,0,0,0,0,23653.90039,0,0,0,0,0,0,0,0,0,0,0,0
Plate1_V3_GF3_01_12149,-9.9705,-0.6796,32.9897,0.6,0,0,0,0,0,0,0,12928.09961,0,27665.30078,0,0,9502.620117,0,0,0,0,0,35759.39844,0,44622.89844,0,5300.129883,0,0,0,0,0,0,0,0
Plate1_V3_GF4_01_12150,-3.0341,-3.4214,3.3478,0.6,0,0,0,0,0,0,0,0,0,0,0,0,0,0,32356.59961,0,0,0,0,0,0,0,10411.90039,0,0,0,0,0,0,0,0
Plate1_V3_GF6_01_12152,-5.5416,-1.7938,2.5829,0.6,0,0,11681.09961,0,0,0,228254,0,0,0,0,0,0,0,204366,0,0,0,0,0,0,0,5937.359863,0,0,0,0,0,0,0,0
Plate1_V3_GF7_01_12154,-3.5952,-4.9078,2.6195,0.6,0,0,0,0,0,0,0,0,0,0,0,0,0,0,30852.5,0,0,0,15407.09961,0,0,0,9753.320313,0,0,0,0,6581.569824,0,0,0
Plate1_V3_GF8_01_12155,-5.2236,-4.8209,2.9554,0.6,726209,0,8324.370117,0,16001.7998,0,215711,0,0,0,0,0,0,0,352368,0,13502.2998,0,16510.5,0,0,0,7259.169922,11747.40039,0,0,0,0,0,0,0
Plate1_V3_GG1_01_12163,-4.8654,-7.8892,1.6341,0.6,0,0,0,0,0,0,0,0,0,0,0,0,0,0,12335.7002,0,0,0,0,0,0,0,0,0,0,0,0,0,0,0,0
Plate1_V3_GG3_01_12165,-6.07,-9.2234,1.2939,0.6,0,0,0,0,0,0,0,0,0,0,0,0,0,0,15653.2002,0,0,0,19761.09961,0,0,0,11821.40039,0,0,0,0,0,0,0,0
Plate1_V3_GG4_01_12166,-5.9587,-7.9177,1.4377,0.6,0,0,22992.5,0,0,0,181988,0,0,39170.69922,0,0,0,0,205448,0,10121.09961,0,17682,0,0,0,9743.009766,0,0,0,0,5487.029785,25106.09961,0,0
Plate1_V3_GG6_01_12168,-7.0853,-9.0622,1.2409,0.6,0,0,7918.529785,0,0,0,77187.89844,0,0,13793.2002,0,0,0,0,123704,0,0,0,16341.2998,0,0,0,0,0,0,0,0,0,0,0,0
Plate1_V3_H10_01_12190,-3.1097,-1.8006,0.1538,0.6,0,0,40485.5,0,69059.70313,0,396704,0,0,11060.7002,0,0,0,0,473064,0,14246.7998,0,21360.09961,0,0,0,23740.59961,6863.950195,0,0,0,0,5867.680176,0,0
Plate1_V3_H11_01_12191,-4.7088,-2.3938,0.1104,0.6,0,0,27831.09961,0,32364.80078,0,315903,0,0,0,0,0,0,0,289216,0,0,0,12427.90039,0,0,0,28558.30078,5643.459961,0,0,0,5310.919922,17501.5,0,0
Plate1_V3_H12_01_12192,-6.1857,-2.8972,0.0941,0.6,0,0,11109.7002,0,0,0,44149.19922,0,0,0,0,0,0,0,53527.80078,0,0,0,0,0,0,0,13207.90039,0,0,0,0,0,0,0,0
Plate1_V3_H1_01_12177,-7.711,-6.18,1.0245,0.6,0,0,10948.59961,0,0,0,187138,0,0,83023.70313,0,0,0,0,103466,0,0,0,19281.90039,0,0,0,14763.5,0,0,0,0,4814.919922,7431.169922,0,0
Plate1_V3_H2_01_12178,-8.5413,-7.3095,0.5102,0.6,0,0,23722.40039,0,0,0,0,0,0,10993.7998,0,0,0,0,36314.30078,0,0,0,10077.2002,0,0,0,0,13169,0,0,0,0,0,0,0
Plate1_V3_H3_01_12182,-8.3868,-6.4285,0.9436,0.6,427708,0,8512.639648,0,0,0,120221,0,0,0,0,0,0,0,126523,0,0,0,6854.259766,0,0,0,0,0,0,0,0,0,0,0,0
Plate1_V3_H4_01_12183,-3.507,0.4146,0.1523,0.6,0,0,41382.19922,0,0,0,444280,0,0,5508.939941,0,0,0,0,98643.39844,0,0,0,15906.40039,0,0,0,0,0,0,0,0,11885.7998,135423,0,0
Plate1_V3_H5_01_12184,-4.7543,-0.2326,0.1446,0.6,0,0,49766,0,0,0,289448,0,0,12379.2998,0,0,0,0,173520,0,17274.80078,0,25158.59961,0,0,0,20712.40039,0,0,0,0,11931.09961,37045.10156,0,0
Plate1_V3_H6_01_12185,-3.7876,-0.5045,0.1307,0.6,0,0,42023.80078,0,0,0,335925,0,0,0,0,0,0,0,49636.69922,0,11535.09961,5255.310059,24414.09961,0,0,0,5502.509766,0,0,0,0,12194.59961,83662.20313,0,0
Plate1_V3_H7_01_12186,-2.8126,-0.9363,0.1717,0.6,0,0,60361.10156,0,0,0,167100,0,0,8079.810059,0,0,0,0,153610,0,16643.40039,4400.640137,27358.09961,0,0,0,11346.40039,5372.299805,0,0,0,7872.959961,17826.19922,0,0
Plate1_V3_H8_01_12187,-5.1519,-1.1631,0.1369,0.6,0,0,54025.89844,0,31429.30078,0,516026,0,0,0,0,0,0,0,256009,0,11270.40039,0,14631.90039,0,0,0,24257.09961,6388.990234,0,0,0,4664.299805,14973.40039,0,0
Plate1_V3_H9_01_12415,-4.2201,-1.5245,0.1217,0.6,0,0,87832.79688,0,40015.80078,0,896899,0,0,16945.30078,0,0,0,0,417514,0,17860.90039,0,22680.59961,0,0,0,51788.89844,17591.59961,0,0,11376.09961,7008.370117,24039.80078,0,0
Plate2_V3_GA10_01_11457,-8.2386,-8.1382,0.1106,0.6,0,0,36882.10156,0,0,0,297019,0,0,0,0,0,0,0,69764.89844,0,16544.30078,13877.5,27165.30078,0,0,0,11017.2002,0,0,0,0,91588.39844,297079,0,0
Plate2_V3_GA11_01_11458,-7.5234,-7.3577,0.1223,0.6,0,0,9108.480469,0,0,0,778868,7879.080078,0,11067,0,0,0,0,56825,12948.7002,20526.80078,15261.7998,47334.10156,0,0,0,78300.89844,18596.69922,0,0,11489.7998,11262.59961,22539.59961,0,0
Plate2_V3_GA12_01_11459,-7.8765,-8.9152,0.107,0.6,0,0,42631.19922,0,0,0,498823,0,0,6417.660156,0,0,0,0,148794,0,25259.80078,6187.379883,26967.80078,0,0,0,26282.19922,5165.390137,0,0,0,31552.80078,115168,0,0
Plate2_V3_GA7_01_11454,-8.2981,-6.225,0.3491,0.6,0,0,21238.30078,0,0,0,276100,0,0,52538.80078,0,0,0,0,161505,0,18683.80078,9796.019531,30371.69922,13272,0,18554.40039,49336.69922,11158.7002,0,0,0,26525.09961,37938.39844,0,0
Plate2_V3_GA9_01_11456,-8.4476,-7.3287,0.0713,0.6,0,0,21191.69922,0,0,0,762099,9276.839844,0,234813,0,0,0,0,62500.30078,0,21598.90039,13947.2002,49668.19922,0,0,11102.09961,37505.30078,14897.7998,0,0,5003.390137,21617.19922,26337,0,0
Plate2_V3_GB10_01_11474,-0.3927,-6.8754,75.4754,0.6,0,0,7742.279785,0,0,0,507217,99564.60156,0,45754.39844,97929.39844,87431.70313,174634,0,33802.5,0,22470.5,49410.80078,182301,0,95356.29688,0,553343,58618.89844,0,0,20964.80078,23716.80078,21636.5,0,0
Plate2_V3_GB11_01_11475,0.6348,-7.1812,75.4149,0.6,0,0,9844.30957,0,0,0,557934,193942,0,79156.20313,41627.60156,33395.30078,83180.89844,0,44277.80078,0,19189.59961,37656.39844,186097,23251.19922,93715.29688,0,550699,75680.10156,15831.90039,0,27953,28026.30078,39442.60156,0,0
Plate2_V3_GB12_01_11476,-1.5807,-6.5618,74.1654,0.6,0,0,17243.5,0,0,0,169800,109779,0,97582.70313,29025.80078,63765.30078,97639.29688,0,65867.89844,0,19630.30078,44875.60156,182016,0,172893,56489.10156,513393,47911.5,27862.59961,0,26633.90039,26130.90039,29620.59961,0,0
Plate2_V3_GB3_01_11464,-7.1177,-9.0272,0.1459,0.6,0,0,70577.5,0,0,0,1637970,6153.939941,0,33256.10156,0,0,0,0,433435,24895.5,27141.69922,14673.2998,55730.69922,14942.09961,0,21898.59961,90432.20313,20463.59961,0,0,16082.7002,87031.10156,72563.70313,0,0
Plate2_V3_GB4_01_11465,-6.2184,-8.3475,0.2852,0.6,0,0,58683.39844,0,0,0,1380390,4644.029785,0,9113.410156,0,0,0,0,364179,0,27224.19922,9257.070313,52276.39844,0,0,0,45488.10156,12533.7002,0,0,0,38898.5,84621.79688,0,0
Plate2_V3_GB5_01_11466,-6.5046,-10.1391,0.2849,0.6,0,0,119528,0,19771.59961,0,883766,5674.149902,0,27911.09961,0,0,0,0,541263,0,24868.69922,12551.7998,56744.39844,0,0,0,93489.10156,30726.59961,0,0,21434.19922,31284.09961,104491,0,0
Plate2_V3_GB6_01_11470,-6.1837,-9.5804,0.1283,0.6,0,0,108276,0,0,0,765639,0,0,9930.620117,0,0,0,0,184748,0,21889.90039,7470.819824,39217.19922,0,0,0,33835.30078,12848.2002,0,0,0,251394,467536,0,0
Plate2_V3_GB7_01_11471,-5.7738,-8.8331,0.3746,0.6,0,0,98570.60156,0,32234.90039,0,1050420,4905.649902,0,0,0,0,0,0,301983,0,20309,11831.7998,50557,0,0,23351.30078,46585.19922,15330.59961,0,0,17812.69922,72613.79688,120592,0,0
Plate2_V3_GB8_01_11472,0.5884,-5.7882,76.5967,0.6,0,0,36983.10156,0,0,5683.089844,757011,141153,0,93650.79688,168409,182372,275318,0,103921,4840.339844,34603.69922,74995.29688,275968,0,133687,35768.69922,370282,113397,18873.90039,0,41954,32731.80078,104097,0,0
Plate2_V3_GB9_01_11473,-1.5821,-5.6971,75.5275,0.6,0,0,14542,0,0,0,538423,134781,0,64883.10156,87532.39844,83335.10156,193692,0,33815.19922,0,19537.69922,42724.30078,289200,0,108393,55990.10156,598828,69357.10156,25077.69922,0,27970.5,27256.40039,58811.10156,0,0
Plate2_V3_GC10_01_11490,-1.3368,-6.6365,71.5739,0.6,0,0,10812.59961,0,0,0,393428,40517.69922,0,33406.60156,0,0,67861.70313,0,17830.80078,0,17117.40039,19813.30078,113766,0,88556.70313,0,53580.5,52104.89844,23800.5,0,24891.5,18753.80078,20899.30078,0,0
Plate2_V3_GC11_01_11491,-1.2603,-6.6252,71.3217,0.6,0,0,0,0,0,0,442354,27268.80078,0,0,6921.410156,0,39399.39844,0,0,0,19310.40039,22737.40039,68433.39844,0,49308.89844,0,50519.5,24680.90039,14962.90039,0,13340.7998,17259,46316.30078,0,0
Plate2_V3_GC12_01_11492,-0.728,-6.8365,71.1552,0.6,0,0,0,0,0,0,266891,63876.60156,0,5899.5,47374.69922,21792.09961,98331.5,0,12859.2002,0,16636.69922,22973.90039,206139,0,58262.19922,34288.89844,249927,72114.79688,34683.5,0,11213.09961,11358.59961,69809.10156,0,0
Plate2_V3_GC2_01_11480,0.609,-7.6335,73.9957,0.6,0,0,14058,0,0,11520.09961,1220220,187142,0,148888,66307.89844,90734.70313,313525,0,76491.79688,9266.370117,23995.5,87235.39844,293104,0,139760,86378.60156,917177,134710,24873.90039,0,45043.80078,13585.7002,103867,0,0
Plate2_V3_GC3_01_11481,-1.363,-6.9991,72.4443,0.6,0,0,77481.89844,0,0,0,656142,124058,0,209618,0,12773.7998,178175,0,78600.89844,9010.469727,29644,49746.39844,208268,0,203271,27756.90039,160937,127994,31041.09961,0,33006.10156,27167.19922,88687.10156,0,0
Plate2_V3_GC4_01_11482,-0.5828,-7.4755,72.4782,0.6,0,0,81664.10156,0,0,0,544676,173369,0,132332,0,17875.30078,135578,0,71395.20313,21807.09961,19864.40039,41575.10156,190579,0,170727,25479.19922,185200,100428,33797.10156,0,28792.09961,28038.80078,89178.5,0,0
Plate2_V3_GC5_01_11483,-0.0159,-7.6967,72.3088,0.6,0,0,35272.60156,0,0,13229.2002,249023,79017.29688,0,90965.20313,0,5124.339844,67257.89844,0,35946.69922,26199.69922,19839.30078,41282.60156,169764,0,126061,18979.80078,146490,58454.60156,25382.40039,0,20658.90039,22009.09961,42928.30078,0,0
Plate2_V3_GC6_01_11484,0.5052,-7.6619,72.5901,0.6,0,0,6439.970215,0,0,0,483036,49837,0,32056.80078,0,0,80837.70313,0,27708.69922,0,25876.5,36117.10156,150174,15060.40039,143839,0,84362.70313,53308,21062.59961,0,14245.2002,26062,24168,0,0
Plate2_V3_GC7_01_11487,-0.5592,-7.3807,71.8959,0.6,0,0,0,0,0,0,283274,24016.69922,0,13468.59961,0,0,32944.19922,0,0,0,24444,18436.19922,74389.10156,0,51260.30078,0,33199.89844,31246.5,0,0,10677.5,12978.40039,15012.90039,0,0
Plate2_V3_GC8_01_11488,-0.122,-7.3265,71.7385,0.6,0,0,0,0,0,0,84672.60156,31374.40039,0,56508.10156,0,0,25553,0,0,17449.5,16354.5,18913,93896.29688,0,53338.89844,0,45953.10156,24577,12788,0,0,16328.90039,17544.19922,0,0
Plate2_V3_GC9_01_11489,-1.2994,-7.0028,71.8675,0.6,0,0,9008.849609,0,0,0,240732,89414.10156,0,114885,0,0,108875,0,30552.69922,0,17432.59961,25345.90039,183891,0,142610,42289.60156,380204,67306.89844,26668.90039,0,26234.09961,24148.5,39810.30078,0,0
Plate2_V3_GD10_01_11506,-0.8587,-3.8662,67.3565,0.6,0,0,19429.5,0,0,0,901156,212155,0,1138000,22912.80078,28320.30078,231197,0,140525,0,40766.5,42844.39844,366730,0,1018180,42713.5,275646,55976.19922,24347.19922,0,29631.40039,15648.7002,27914.40039,0,0
Plate2_V3_GD11_01_11507,-0.1275,-6.5,67.9314,0.6,0,0,10066.40039,0,0,16308.40039,2111450,255574,0,126281,14572.2002,100350,356143,0,52058,10614,35249.60156,68554.10156,516781,0,246875,41786.69922,453133,123065,123493,0,34054.80078,32860.60156,68838,0,0
Plate2_V3_GD12_01_11508,0.3887,-6.5753,67.7777,0.6,0,0,12115.40039,0,0,22187.19922,2347770,313972,0,123579,15937.2002,211809,24671.80078,0,58954.5,31187.09961,27874.40039,99098.79688,495765,0,225285,58570.19922,373771,80346.5,133809,0,33615.89844,32680.80078,48408.30078,0,0
Plate2_V3_GD2_01_11496,0.5187,-7.4686,71.6175,0.6,0,0,0,0,0,0,387418,46119,0,0,0,0,61385.89844,0,12258.90039,0,17609.5,18408.69922,108347,0,40176.89844,21130.30078,124466,29753.19922,28957.59961,0,0,6980.879883,22529.69922,0,0
Plate2_V3_GD3_01_11497,-1.5807,-6.3594,70.7253,0.6,0,0,11369.7998,0,0,0,547719,179990,0,37980.69922,78073.39844,43186.39844,230443,0,17472.59961,0,25533.19922,65986.29688,294510,0,100770,23247.40039,128002,59564.10156,21183.30078,0,24543.80078,20023.90039,32422.19922,0,0
Plate2_V3_GD4_01_11498,-0.8138,-6.6775,70.5909,0.6,0,0,16607.5,0,0,17047.19922,767400,98280.60156,0,97673.60156,30898,20203.5,192688,0,25662.90039,0,20212.90039,37376.19922,266017,0,152582,10658.59961,127254,95315.20313,24383.69922,0,23701.69922,22215.80078,41123.60156,0,0
Plate2_V3_GD5_01_11499,-0.8814,-6.6111,69.972,0.6,0,0,9289.639648,0,0,13488,739834,227932,0,104808,28520.09961,33827.60156,229113,0,31009.5,8646.959961,24416.40039,49635.60156,351178,0,201289,26352.19922,193758,112907,42213.5,0,36154.60156,26224.09961,48593.60156,0,0
Plate2_V3_GD6_01_11500,-1.3256,-6.1444,69.5182,0.6,0,0,19308,0,0,0,198519,133454,0,114319,22404.90039,33893.39844,176413,0,44780.60156,4980.5,28996,39739.5,272035,0,258844,35472.60156,323530,94839.29688,27094.80078,0,34587.89844,28910.09961,61811.60156,0,0
Plate2_V3_GD7_01_11503,-0.6538,-6.5681,68.7989,0.6,0,0,23747.40039,0,0,7174.459961,1434790,225135,0,147120,22461.5,102354,147926,0,39096.10156,14638.59961,26905.90039,78759.29688,403190,0,247776,67188.60156,395946,97866.79688,126707,0,43460.10156,29477.40039,65241.89844,0,0
Plate2_V3_GD8_01_11504,-1.6137,-5.1493,68.5994,0.6,0,0,17567.40039,0,0,0,184735,207196,0,172931,17348.69922,87123.5,313450,0,22405.59961,0,18050,92031.5,341211,0,316226,60835.19922,387745,102855,39700.80078,0,43315.10156,34614.69922,63160.19922,0,0
Plate2_V3_GD9_01_11505,-1.7515,-2.5753,67.9391,0.6,0,0,20041.19922,0,0,10050.2002,986812,253058,0,620268,72726.29688,124240,174585,0,135762,14398,34782.19922,66518,330585,0,400304,44285.5,363168,74277.79688,21340.59961,0,36873.19922,23730.69922,44879.30078,0,0
Plate2_V3_GE10_01_11522,0.3767,-7.664,70.7287,0.6,0,0,15713.90039,0,0,11615.7002,635984,0,0,101081,18791.19922,0,57624.39844,0,13254.7002,0,0,0,0,0,0,0,152667,0,0,0,0,0,0,0,0
Plate2_V3_GE11_01_11523,-0.1211,-6.9775,70.6818,0.6,0,0,0,0,0,13056.09961,1171500,266899,0,17756.19922,28994.09961,135015,313634,0,20585.69922,13193.5,21575.30078,102898,342717,0,74593.60156,44295.80078,287240,46371.5,157905,0,17546.80078,6987.810059,8666.049805,0,0
Plate2_V3_GE12_01_11524,0.3582,-7.5042,71.1655,0.6,0,0,0,0,0,12271.59961,649882,72424.60156,0,8356.790039,0,0,63951.80078,0,15198.7998,13930.59961,23310.40039,7773.080078,103418,28231.30078,46101.19922,24188,176812,36933.5,24485.5,0,19139.90039,6236.890137,13639.40039,0,0
Plate2_V3_GE1_01_11511,0.1785,-4.2493,66.4324,0.6,0,0,17088.59961,0,0,0,635597,131440,0,267261,24446.5,141199,111981,0,54746,0,28387.5,77478.79688,305482,0,365118,35696.5,261698,41616.30078,18865.30078,0,27497.90039,25176,28081.19922,0,0
Plate2_V3_GE2_01_11512,-0.1207,-6.7569,68.5294,0.6,0,0,0,0,0,11103.2998,212475,72450.10156,0,44501.89844,0,0,82487.29688,0,9540.410156,0,18405.40039,20975.30078,156636,0,107261,0,104282,36590.5,30567.69922,0,19668.09961,23501.59961,6186.180176,0,0
Plate2_V3_GE3_01_11513,0.3852,-6.9351,68.4949,0.6,0,0,0,0,32769.60156,0,105975,56276.89844,0,29271.09961,0,0,73572.89844,0,0,0,22032.69922,10130.2002,159645,0,57270.80078,48174.30078,77799.79688,11879.90039,31385.59961,0,19207.59961,17186,11859.5,0,0
Plate2_V3_GE4_01_11514,0.3788,-7.1922,69.0795,0.6,0,0,0,0,0,0,314261,79363.20313,0,34256.80078,50295.39844,14068,160506,0,10265.40039,0,34512.5,34003.60156,264360,23895.09961,105110,0,72860.89844,27688.69922,12327.7998,0,0,22147,12284.90039,0,0
Plate2_V3_GE5_01_11515,-0.1268,-7.0031,68.9741,0.6,0,0,0,0,0,0,94641.29688,36721.39844,0,14098.09961,0,0,21834.30078,0,0,0,21544.69922,6597.319824,177557,0,47958.60156,0,64968.19922,11986.40039,42225.5,0,0,7875.180176,0,0,0
Plate2_V3_GE6_01_11516,-0.2574,-6.8793,69.9549,0.6,0,0,7226.330078,0,0,31999.5,2304670,343439,25394.09961,67828.79688,14322.09961,152997,18858.30078,0,60898.89844,39666.69922,30975.59961,129705,472414,0,136274,46401.30078,342783,85902.79688,322343,0,37505.10156,19356,57060.60156,0,0
Plate2_V3_GE7_01_11519,0.1431,-7.6805,69.7565,0.6,0,0,16493.09961,0,0,0,795052,142652,0,23420.69922,18211.5,27694.5,285868,0,14705.5,0,0,63018.69922,359502,25751.40039,54110.39844,46860.19922,140039,64777.60156,92494.79688,0,5377.060059,18329.30078,0,0,0
Plate2_V3_GE8_01_11520,0.431,-7.891,69.6013,0.6,0,0,7523.620117,0,0,5641.890137,1063620,277333,0,60832,13318.2998,58803.10156,223478,0,24367.40039,0,16696.30078,89199.70313,379414,0,89103,28035,280568,56968,93402.70313,0,29149.40039,16799.09961,29620.69922,0,0
Plate2_V3_GE9_01_11521,0.4033,-7.969,70.0163,0.6,0,43808.19922,5504.359863,0,0,9260.879883,65646.39844,287876,0,16359.09961,34220.5,107826,176451,0,19630.19922,4796.759766,22254,94816.20313,343801,23209.59961,67894.5,39565.10156,333916,44681.60156,129424,0,16981.19922,13673.5,48246.60156,0,0
Plate2_V3_GF10_01_11538,-2.119,-2.9123,69.1988,0.6,0,0,32444.80078,0,0,10072,544345,195078,0,160295,95154.5,155054,10875.90039,0,42269.69922,0,25761.69922,75114.5,336257,0,235009,65710.70313,439262,93847.10156,10486.7002,0,32429.09961,24447.90039,85284.79688,0,0
Plate2_V3_GF11_01_11539,-2.2859,-4.5897,69.6702,0.6,0,0,8806.980469,0,0,20587.90039,954795,152942,0,97274.70313,58010.89844,62506.5,167489,0,29673.69922,0,27101.19922,36858.60156,188575,18261.69922,161815,61348.19922,292712,104658,0,0,48117.5,23885.59961,47381.60156,0,0
Plate2_V3_GF12_01_11540,-2.3385,-5.2338,71.841,0.6,0,0,6080.419922,0,0,40677.10156,635591,126537,0,33640.5,44733.80078,26004.5,203378,0,0,10777.7998,22161.30078,44996.10156,224973,34057.30078,99186.89844,38234,220371,32248.19922,17745.5,0,0,14998.2002,19058.40039,0,0
Plate2_V3_GF1_01_11527,-2.2337,-0.5165,68.1193,0.6,0,0,83239.70313,0,0,0,1429470,195445,0,6115090,14736.5,12405.09961,103993,0,246664,0,49352.19922,37765,189242,0,2184260,33166,399419,78060,15992.90039,0,42196.19922,11540.5,59585.60156,0,0
Plate2_V3_GF2_01_11528,-2.0868,-1.8963,67.9132,0.6,0,0,0,0,0,0,242898,0,0,120650,0,0,0,0,0,0,27979.90039,0,0,0,0,26715.30078,0,36560.69922,0,0,0,0,23490.09961,0,0
Plate2_V3_GF3_01_11529,-1.524,-3.0534,67.9371,0.6,0,0,0,0,0,0,0,0,0,0,0,0,0,0,0,0,0,0,0,0,0,0,0,0,0,0,0,0,0,0,0
Plate2_V3_GF4_01_11530,-0.712,-3.9061,67.0995,0.6,0,0,0,0,0,0,0,0,0,0,0,0,0,0,0,0,0,0,0,0,0,0,0,0,0,0,0,0,0,0,0
Plate2_V3_GF5_01_11531,-1.728,-4.6172,68.1831,0.6,0,0,9793.769531,0,0,0,684617,142265,0,105527,34203.5,28033,192202,0,24101.19922,0,18530.40039,53116.5,226241,0,180285,43492.10156,457614,63897.69922,15519.59961,0,27544,17431.40039,44964.5,0,0
Plate2_V3_GF6_01_11532,-0.3787,-5.0699,67.021,0.6,0,0,19856.80078,0,0,13201.7002,1568090,184971,0,111857,35866.19922,84887.79688,270808,0,33358.5,0,20834.30078,81904.79688,300669,0,238668,35426.60156,269069,66600.89844,29148.5,0,32282.90039,22701.80078,63446.19922,0,0
Plate2_V3_GF7_01_11535,0.0958,-5.6273,66.8022,0.6,0,0,29102.90039,0,0,25771.80078,1768120,217082,0,113205,40343.60156,145989,20711.09961,0,37022.19922,12921.7002,31478.30078,84094.79688,387352,0,301637,46227.5,259593,64816,45542.39844,0,26819.80078,19296.09961,66864.5,0,0
Plate2_V3_GF8_01_11536,0.451,-6.3615,66.8922,0.6,0,0,55032,0,0,28018.40039,764835,316370,0,171600,67627,260407,19956.30078,0,63774.80078,18695.40039,37219.5,136919,641895,0,392075,78238.20313,263463,99392.20313,24661.69922,0,42904,33736.5,60380,0,0
Plate2_V3_GF9_01_11537,-2.3183,-1.5958,69.1236,0.6,0,0,27372.5,0,0,14797.2002,808779,198050,0,307608,186930,182082,11614.90039,0,139358,7059.759766,37055.30078,85630,473082,22184.59961,236080,21906.69922,353923,113538,0,0,52781.89844,19629.09961,68198.29688,0,0
Plate2_V3_GG10_01_11555,-2.7901,-3.2961,74.6939,0.6,0,0,561691,0,0,39099.89844,2049860,347727,0,266836,100485,210549,70978.20313,0,215742,41468,38379.69922,183653,471574,0,136607,55731.30078,151807,746889,18026.40039,0,291163,12914.2998,228153,0,0
Plate2_V3_GG11_01_11556,-2.3935,-2.037,75.7554,0.6,0,0,324237,0,0,24299.69922,863818,385775,0,198144,71488,236601,35642.19922,0,105824,8521.580078,31743.5,200834,505517,9865.830078,67367.5,20876.59961,529458,399414,10728.7998,0,140595,0,136120,0,0
Plate2_V3_GG12_01_11557,-2.56,-3.2227,75.6138,0.6,0,0,432587,0,0,25593.30078,3302230,340695,0,263758,52381.80078,109390,34766.30078,0,154972,31970.30078,32074.09961,122987,316634,0,40222.39844,34251.30078,161590,359646,0,0,131349,0,126480,0,0
Plate2_V3_GG1_01_11544,-2.5758,-4.542,72.8829,0.6,0,0,321401,0,33591.60156,33199.60156,1402450,353351,0,272708,118054,127882,27644.19922,0,183304,53662.5,48034.80078,78520.60156,424271,25559.09961,158063,36306.80078,518456,318151,0,0,149085,12540.2998,123806,0,0
Plate2_V3_GG2_01_11545,-2.9451,-2.7616,70.4728,0.6,0,0,23037.19922,0,0,0,935759,175237,0,38444.39844,12530.5,6482.049805,197116,0,28188.19922,0,23805.90039,43164.60156,228800,0,80387.10156,55167.30078,81942.79688,46779.80078,45104.30078,0,21864.80078,9030.639648,12660.2998,0,0
Plate2_V3_GG3_01_11546,-2.3229,-1.3877,70.5542,0.6,0,0,17318.90039,0,0,10609.40039,456035,219891,0,66935.89844,163823,103033,289234,0,57271.19922,9971.660156,32365.5,74333.89844,299305,0,130058,25265.09961,152970,64417.39844,0,0,31369.40039,17575.40039,25557.59961,0,0
Plate2_V3_GG4_01_11547,-2.6548,-2.5457,71.3838,0.6,0,0,41890.60156,0,0,0,1498340,202705,0,30204.19922,44524.30078,58574.80078,315263,0,32473.59961,10803.09961,21047.30078,77084.20313,417495,0,35865.5,27877,161851,23165.90039,34401.10156,0,12781.09961,9996.370117,29893.09961,0,0
Plate2_V3_GG5_01_11548,-2.8371,-2.4896,71.9383,0.6,0,0,34902.5,0,0,0,1257460,269306,0,14626.7002,57092.89844,61634.10156,148152,0,22709.30078,10852,14243.5,112676,320428,0,38324.39844,16181.40039,257049,20469.19922,23471.90039,0,16340.09961,0,6769.689941,0,0
Plate2_V3_GG6_01_11549,-2.4457,-2.9449,71.3457,0.6,0,0,24436.09961,0,0,17705.09961,482224,239848,0,12325.2002,39608.19922,70308.60156,381806,0,15016.7998,32298.19922,22936.69922,112099,332932,0,33307.10156,34835.19922,717054,22865.59961,67654.89844,0,11639,0,0,7590.700195,0
Plate2_V3_GG7_01_11552,-2.6091,-3.1801,71.7658,0.6,0,0,65940.10156,0,0,0,688525,309579,0,68621.5,44755.80078,26848.69922,289934,0,42045.5,21277.09961,27682,85735,281958,0,100257,31026.69922,217926,110318,19202.69922,0,56756.69922,17967.19922,58049.89844,0,0
Plate2_V3_GG8_01_11553,-3.0791,-2.6071,72.5403,0.6,0,0,68450.79688,0,0,5122.649902,1935290,151690,0,34410.89844,29705.90039,18240,141949,0,32408.30078,8817.209961,18601.69922,41728.19922,162295,0,36329.89844,19617.59961,123233,129848,15690.7998,0,38866.89844,6157.470215,57653.60156,0,0
Plate2_V3_GG9_01_11554,-2.5566,-1.6445,74.4965,0.6,0,0,350473,0,0,25846,2762640,309578,77928.5,155783,108337,22221.80078,37867.39844,0,630554,24612.90039,35553.30078,166582,581003,0,74665.20313,65380.19922,594386,533214,0,0,186918,10395.7998,221185,0,0
Plate2_V3_GH10_01_11571,-3.1097,-1.8006,0.1538,0.6,0,0,163481,0,0,17995.19922,145754,243856,0,196009,43888.19922,95143.20313,39993.19922,0,378242,18589.19922,27757.30078,152151,431626,0,51025.39844,19622.80078,172740,250758,0,0,195593,7966.52002,98326.10156,0,0
Plate2_V3_GH11_01_11572,-4.7088,-2.3938,0.1104,0.6,0,0,39733.30078,0,0,0,1512930,132862,0,3200860,0,8679.179688,168023,0,305827,0,53900.30078,49780.89844,231338,0,1040930,37784.69922,217221,109871,35537.69922,0,45574.39844,15649.7002,93893.60156,0,0
Plate2_V3_GH12_01_11573,-6.1857,-2.8972,0.0941,0.6,2589540,0,260644,0,0,15473.90039,2587540,90873.5,43653.60156,6041940,16734.40039,0,74080.5,0,155744,13858.7998,41629.80078,38759.19922,78863.60156,0,679479,0,30420.59961,56854.69922,0,0,28378,0,51984.5,0,0
Plate2_V3_GH1_01_11560,-2.0536,-4.8365,75.6086,0.6,0,0,193770,0,0,12185.2998,693678,232181,0,106847,38593.69922,0,13331.59961,0,66282.79688,14537.7998,19323.40039,107608,340157,0,38402.39844,12015,262964,144478,9616.429688,0,56823.89844,6209.220215,124423,0,0
Plate2_V3_GH2_01_11561,-1.925,-5.5801,75.1661,0.6,0,0,320718,0,0,38617.39844,2988540,303067,0,305487,62849.10156,13648.7998,35346.5,0,222689,33477.69922,29490.09961,95167.79688,505900,0,64239.60156,21234.90039,317873,334317,16199.5,0,101354,8779.459961,135639,0,0
Plate2_V3_GH3_01_11562,-2.3482,-5.3566,74.4411,0.6,0,0,193382,0,0,31985.59961,1926960,276246,0,284521,132673,18268.30078,37326.39844,0,122787,24498.80078,31102.59961,88491.10156,438704,0,111982,46310.19922,754811,278197,0,0,88572,11518.40039,146255,0,0
Plate2_V3_GH4_01_11563,-2.4838,-4.3566,75.2189,0.6,0,0,547088,0,0,27092,756909,407047,0,355627,61326.80078,215502,31381.30078,0,118987,25744.19922,25437.09961,159327,582883,0,183124,0,319841,431735,13853.90039,0,173090,11548.40039,183017,0,0
Plate2_V3_GH5_01_11564,-4.7543,-0.2326,0.1446,0.6,0,0,607547,0,0,48387.69922,3145100,278760,0,180053,198435,210610,51877.30078,0,208606,45981.39844,27693.90039,102106,362379,0,17418.40039,51925.39844,364587,834056,0,0,263776,0,35440.69922,0,0
Plate2_V3_GH6_01_11565,-3.7876,-0.5045,0.1307,0.6,0,0,337180,0,0,25189.30078,1703180,398700,0,102844,43345.39844,123069,32459.90039,0,326078,10310.2002,34006.30078,142975,733889,0,61210,105074,631685,499963,16737.69922,0,274248,14157,182195,0,0
Plate2_V3_GH7_01_11568,-2.8126,-0.9363,0.1717,0.6,0,0,278266,0,0,21715.30078,847993,284410,0,99475.5,67612.79688,234918,37025.5,0,415610,21797,30879.30078,170667,583054,0,30030.5,55952.19922,565481,475481,0,0,288493,0,156145,0,0
Plate2_V3_GH8_01_11569,-5.1519,-1.1631,0.1369,0.6,0,0,341433,0,0,25412.40039,521490,279558,0,234305,71938.89844,243848,30295.09961,0,757885,23336,36628.5,122937,566107,0,87544.20313,49409.19922,305342,392159,0,0,270987,13213.90039,33849.60156,0,0
Plate2_V3_GH9_01_11570,-4.2201,-1.5245,0.1217,0.6,0,0,399568,0,0,22721.59961,1759310,285983,0,122872,99712.89844,203649,26943.90039,0,339177,26086.5,37150.69922,152411,552526,0,41297.39844,74029,216318,697937,0,0,274395,0,16891.19922,0,0
Plate2_V3_rerun_BA3_01_11607,-5.568,-5.0892,0.1045,0.6,0,0,125625,0,42324.5,0,1300500,5450.859863,0,0,0,0,0,0,510453,0,18052.19922,0,18358,0,0,0,10562.2998,19007.80078,0,0,0,6449.160156,30359.40039,0,0
Plate2_V3_rerun_BA4_01_11608,-7.47,-5.6176,0.0276,0.6,0,0,145069,0,33814.10156,0,915885,10042.09961,0,7477.040039,0,0,0,0,231194,0,27942.69922,8020.850098,46226.10156,0,0,27694.59961,18889.80078,16266,0,0,11352.7998,32356.30078,334479,0,0
Plate2_V3_rerun_BB1_01_11591,-6.9408,-7.9729,0.212,0.6,0,0,87699.10156,0,40697.80078,24368.80078,2162010,0,0,12820.40039,0,0,0,0,573374,14738.2998,51348.19922,7023.72998,28490.80078,52986.89844,0,0,0,22812,0,0,16648.80078,14325.2002,93002.70313,0,0
Plate2_V3_rerun_BB2_01_11592,-7.4177,-9.6857,0.1986,0.6,0,0,126107,0,32578.69922,10591.40039,587303,0,0,31839.59961,0,0,0,0,486794,16270.2002,63058.60156,6658.799805,21648,38919.19922,0,0,12609.09961,37580,0,0,13696.2998,14598.7002,335040,0,0
Plate2_V3_rerun_BC1_01_11594,-0.4322,-7.4412,74.0331,0.6,0,0,81890,0,24785.80078,16873.59961,3116650,56322,54242.10156,206112,160597,22964.19922,21488.40039,0,240125,9750.129883,29214.09961,13165,44440.5,45093.60156,49864,0,34539,154761,0,0,34494.19922,0,117066,0,0
Plate2_V3_rerun_BD1_01_11595,-0.1132,-6.8793,71.2909,0.6,0,0,0,0,0,0,44185.89844,27329.90039,0,0,21459.69922,0,14401.7002,0,0,0,39731.60156,19393.5,84529,17672.40039,0,151109,83567,9466.240234,19347.59961,0,0,5121.97998,57244.69922,0,0
Plate2_V3_rerun_GA1_01_11582,-5.0356,-3.1857,0.1036,0.6,0,0,93209.10156,0,25875.09961,0,324434,0,0,0,0,0,0,0,539588,20859.59961,53082.39844,0,29366.19922,0,0,120268,43434.5,19368.30078,0,0,14972.2998,12033.59961,21658.69922,0,0
Plate2_V3_rerun_GA2_01_11585,-4.1267,-3.715,0.1997,0.6,0,0,94841.10156,0,46405.69922,0,643787,5434.939941,0,20809.40039,0,0,0,0,1126980,0,52548.80078,0,54311.60156,0,0,12053.7002,59217.60156,35021.10156,0,0,17225.30078,15047.2998,58924.30078,0,0
Plate2_V3_rerun_GA5_01_11586,-5.9921,-6.293,0.1464,0.6,0,0,248540,0,36982,5487.439941,1112650,9219.919922,0,15154.90039,0,0,0,34209.30078,1102250,13783.5,50756.69922,19413.40039,54170.30078,0,0,0,26027.19922,47310.39844,0,0,30070.30078,49163.80078,739491,0,0
Plate2_V3_rerun_GA6_01_11587,-4.5897,-7.2197,0.1826,0.6,0,0,158212,0,19550,0,450651,5733.390137,0,8399.969727,0,0,0,0,467246,0,37419.69922,9429.400391,23159,0,0,30239,24673.30078,42486.5,0,0,0,36672.10156,634843,0,0
Plate2_V3_rerun_GA8_01_11588,-7.8497,-6.496,0.0588,0.6,0,0,112870,0,0,15095.7002,699916,7422.160156,0,76604.70313,0,0,0,0,431604,15976.7002,50541.89844,14835.5,58511.60156,0,0,5424.640137,41517.80078,39471.19922,0,0,27099.30078,81294.79688,537989,0,0
Plate3_V3_GA10_01_11624,-8.9899,1.3152,55.9002,0.6,0,0,95026.5,0,0,0,1160320,47760.5,0,683895,0,0,59631.10156,0,164990,0,30597.59961,25050.40039,153201,0,727292,0,113735,55474.5,14078.7002,0,37188.60156,65304.60156,40030.60156,0,0
Plate3_V3_GA11_01_11625,-6.6338,2.8368,54.4881,0.6,0,0,76871.20313,0,0,0,1464630,76166.60156,0,286392,0,0,37256.10156,0,182794,0,47665.69922,30924.69922,160540,0,599895,0,74666.29688,75068.79688,22991,0,46321.60156,55817.19922,45074.89844,0,0
Plate3_V3_GA12_01_11626,-3.4295,4.9433,58.2284,0.6,0,0,77037.5,0,0,0,622576,83329.70313,0,67725.70313,30163,108081,226110,0,160139,0,40978.69922,45336.5,191234,0,0,20419.19922,253274,17910.40039,19158.90039,0,17494.30078,26813,0,0,0
Plate3_V3_GA1_01_11622,-2.1206,1.134,67.3366,0.6,0,0,208612,0,0,0,1421070,124748,0,7232690,0,0,107966,0,546016,14051.2002,111411,31977,153904,22560.59961,3095810,32639.69922,570243,138045,51914.80078,0,73399.39844,6725.200195,122376,0,0
Plate3_V3_GA2_01_11613,-3.7924,2.7264,65.8171,0.6,0,0,114896,0,0,15454.5,822577,201498,0,125703,8248.19043,107570,313743,0,76199.29688,5873.649902,72069.39844,92755.10156,432679,11733.5,84374.10156,16742.80078,367851,15516.2998,35803.5,0,14856,21199.30078,19716.40039,0,0
Plate3_V3_GA3_01_11614,-0.3138,2.7007,65.9191,0.6,0,0,177618,0,0,20541.59961,1172420,270368,0,1845560,15305.09961,96736.89844,25273.30078,0,115872,26141.09961,55210.5,79300.79688,278055,19564.90039,513344,0,363505,31005.5,81648.29688,0,20108.19922,12360.2002,14690,0,0
Plate3_V3_GA4_01_11615,-5.0713,4.5964,62.4249,0.6,0,0,88940,0,0,0,806062,128090,0,47509.19922,27350.40039,145825,130662,0,159162,0,41868.80078,81247.39844,313396,0,0,0,401101,28266.5,23337.09961,0,20689.80078,24437.40039,12490.7002,0,0
Plate3_V3_GA5_01_11616,-7.5213,3.1933,61.4028,0.6,0,0,118486,0,0,0,998108,97605.20313,0,130317,0,15117.90039,172307,0,235750,0,42999.69922,30638.5,197570,0,170751,9194.19043,207612,37505.30078,7178.279785,0,37041.5,51508.69922,29116.80078,0,0
Plate3_V3_GA6_01_11617,-0.0808,4.912,61.4279,0.6,0,0,244789,0,24801.69922,36590.80078,767462,265109,0,94513.29688,56830.10156,277349,32281.19922,0,358195,37392.10156,64911.60156,160108,551098,0,27230.59961,0,553065,24148.80078,21608.80078,0,25704.19922,9972.660156,11121.7998,0,0
Plate3_V3_GA7_01_11620,-3.2604,5.2092,61.1652,0.6,0,0,64478.80078,0,0,0,648763,126810,0,39698,45424.89844,107674,251269,0,173546,0,43601,76401.79688,306020,13410.7002,0,0,357561,15807.90039,5609.569824,0,13159.40039,21698,10344.40039,0,0
Plate3_V3_GA8_01_11621,-6.5533,3.2797,57.7462,0.6,0,0,137116,0,0,0,1129130,71939.89844,0,153460,0,0,52962.89844,0,210057,0,30215.5,30204.19922,217898,0,220973,0,173823,59569.60156,37007.69922,0,40173.80078,96162,32186.59961,0,0
Plate3_V3_GA9_01_11623,0.1226,4.5307,56.2755,0.6,0,0,130313,0,0,11771.7002,505173,107451,0,141350,82685.70313,130082,14897.5,0,235497,12706.5,62290.39844,64239,218167,0,43870.60156,39001.30078,560098,8900.099609,0,0,19946.30078,6070.959961,0,0,0
Plate3_V3_GB10_01_11642,-5.1281,1.676,49.6641,0.6,0,0,54543.39844,0,0,0,1250500,50061.60156,0,110480,49821.80078,72866.29688,97002.60156,0,323841,0,49436.5,36004.60156,128707,20035.19922,68189.89844,26944.5,295108,22041.69922,0,0,23921.30078,49274.69922,20701.09961,0,0
Plate3_V3_GB11_01_11643,-2.6141,3.5684,46.7324,0.6,0,0,49061.10156,0,0,0,439216,48442.19922,0,46859.10156,77677.79688,79606.10156,101098,0,209211,0,45030.10156,45270.10156,135839,0,59971.89844,18414.30078,194690,23160.5,0,0,19809.90039,87181.79688,23835.30078,0,0
Plate3_V3_GB12_01_11644,-6.7981,-0.1718,35.411,0.6,0,0,68142.20313,0,0,0,299480,21293.19922,0,7332.439941,0,0,0,0,505722,0,30162.59961,36085.30078,75954.39844,0,0,14863.7998,307467,68025.10156,0,0,46860.69922,103202,32366.40039,0,0
Plate3_V3_GB1_01_11630,-1.5495,4.7997,54.8565,0.6,0,0,58699.39844,0,0,0,605899,77760.79688,0,89591.29688,44250.30078,119015,203322,0,201054,0,54113.60156,51853.30078,170476,0,29926.40039,34844.80078,512675,14071.90039,0,0,14075,15507.2998,0,0,0
Plate3_V3_GB2_01_11631,-4.716,2.7318,52.4513,0.6,0,0,120403,0,0,0,1029550,88579.89844,0,293156,40474,122645,225188,0,229404,0,84202.20313,50321.80078,238605,0,64286.30078,27786.80078,422151,25077.80078,0,0,27779.19922,26230.19922,18265.19922,0,0
Plate3_V3_GB3_01_11632,-9.3643,1.9382,53.81,0.6,0,0,63907.10156,0,0,0,493634,49628.10156,0,586932,0,0,69537.20313,0,144375,0,31604.40039,18586.09961,145151,0,471074,0,62216.5,65795.5,20649.09961,0,44340.89844,62170.89844,41932.69922,0,0
Plate3_V3_GB4_01_11633,-9.956,1.4499,51.4478,0.6,0,0,11609.7998,0,20773.19922,0,1167250,81805.89844,0,285700,0,0,87076.60156,0,280734,0,31887.30078,31177.90039,170511,0,344307,0,126877,120516,42432.69922,0,39788,40239.39844,89862.5,0,0
Plate3_V3_GB5_01_11634,-7.5289,1.578,48.9397,0.6,0,0,34696,0,0,0,1347090,76223.79688,0,204792,0,0,38655.19922,0,174043,0,35523.39844,23901.5,172586,0,551919,0,84885,74192.5,24867.69922,0,46083.30078,102502,47941,0,0
Plate3_V3_GB6_01_11635,-10.131,1.4496,47.0123,0.6,0,0,0,0,0,0,1198260,36199.69922,0,381368,0,0,48850.5,0,231180,0,22452.09961,14674.2002,110784,0,313068,0,90246.89844,102392,12971.5,0,31777.90039,96089.79688,71858.10156,0,0
Plate3_V3_GB7_01_11639,-10.991,-0.1868,43.8072,0.6,0,0,8878.25,0,0,0,707141,34415.30078,0,112634,0,0,39890.10156,0,193921,0,27427.90039,12850.09961,132272,0,229662,0,86136.10156,92331.20313,13241.7002,0,31394.09961,75233.39844,62000.60156,0,0
Plate3_V3_GB8_01_11640,-10.2022,-0.0828,42.1058,0.6,0,0,15474.40039,0,0,0,296762,29603.40039,0,294703,0,0,20826.40039,0,184211,0,44984.39844,18925.90039,104438,0,1371710,0,56822,75096.39844,0,0,20301.09961,101052,54894.30078,0,0
Plate3_V3_GB9_01_11641,-1.0238,3.6244,48.879,0.6,0,0,63133.80078,0,0,0,0,129936,0,129294,39717.80078,65978.10156,215350,0,140406,0,51670.19922,49338.5,241611,0,71485.10156,32289.40039,478117,13734.2998,4086.679932,0,13125.2002,18483.40039,4813.740234,0,0
Plate3_V3_GC10_01_11659,-6.0918,-0.4244,14.3883,0.6,0,0,6985.140137,0,53473.39844,0,924853,16973.80078,0,248646,0,0,0,141389,1265600,0,35394.30078,0,51060.10156,0,122807,0,196215,63848.10156,0,0,31050.69922,35283.5,50950.69922,0,0
Plate3_V3_GC11_01_11660,-2.4525,0.3747,15.5996,0.6,0,0,8722.259766,0,31740.80078,0,948386,8964.070313,0,397782,0,0,0,55649.69922,853993,0,30445.19922,0,49508.19922,0,112296,0,147242,84476.60156,0,0,19061.69922,22507.40039,63073.10156,0,0
Plate3_V3_GC12_01_11661,-4.4234,0.1227,10.9577,0.6,0,0,12628.90039,0,34095.30078,0,764438,6517.490234,0,283392,0,0,0,67353.89844,970721,0,32726.09961,0,46791.30078,0,127703,0,210055,63297.10156,0,0,22061.69922,23632,47138.89844,0,0
Plate3_V3_GC1_01_11648,-4.0548,2.3613,35.4988,0.6,0,0,30464.30078,0,0,0,293774,9562.620117,0,0,0,0,0,0,863371,0,59573.69922,12357.2002,80336.5,0,0,11683.40039,411121,56937.69922,0,0,40212.69922,76686.79688,32602.59961,0,0
Plate3_V3_GC2_01_11649,-1.2911,2.3476,35.5663,0.6,0,0,34840.10156,0,0,0,904440,14417.90039,0,0,0,0,0,0,782412,0,45145.19922,18510,97469.5,0,0,18922.80078,354799,58541.89844,9628.75,113571,49183.30078,46085.80078,26136.69922,0,0
Plate3_V3_GC3_01_11650,-4.0686,1.7973,32.0992,0.6,0,0,28876.90039,0,0,0,888656,19657.09961,0,24652.90039,0,0,0,41149.69922,1298560,0,44632.60156,33746.80078,103902,0,58544.89844,14402.2998,337055,80452.5,0,0,57895.30078,76286.5,36613.30078,0,0
Plate3_V3_GC4_01_11651,-1.1155,1.3265,32.4327,0.6,0,0,34396.5,0,0,0,834538,9731.959961,0,22642.30078,0,0,0,0,767469,0,45296.39844,14012.59961,106984,0,67395.70313,13885.90039,354744,70633.70313,0,0,51915.80078,71012.5,37697,0,0
Plate3_V3_GC5_01_11652,-6.0717,-1.3355,29.0327,0.6,0,0,11841.2002,0,23640.30078,0,1167790,0,0,126626,0,0,0,61511.39844,1798230,0,48957.5,0,0,0,0,0,264090,121036,0,0,40573.5,35494.69922,78314.20313,0,0
Plate3_V3_GC6_01_11653,-4.9117,-0.882,24.4528,0.6,0,0,9613.379883,0,0,0,267382,15812.09961,0,162825,0,0,0,36906.30078,1033200,0,40913.69922,0,59438.5,0,100227,0,221622,114816,0,0,49319.89844,26599.40039,60722.39844,0,0
Plate3_V3_GC7_01_11662,-2.1456,-0.936,23.8543,0.6,0,0,7560.689941,0,0,0,798546,15453.7998,0,579237,0,0,0,64604.30078,1835970,20055,81383.60156,0,72812.10156,16777.80078,87428.70313,0,537808,220306,0,0,40704.60156,41213.19922,80309.79688,0,0
Plate3_V3_GC8_01_11657,-6.4936,-1.7927,19.1345,0.6,0,0,0,0,42683.30078,0,380072,10118.7002,0,254028,0,0,0,78951.39844,1304710,0,34366.60156,0,48563.80078,0,111849,0,183890,110720,0,0,34671.89844,35377.89844,68418.39844,0,0
Plate3_V3_GC9_01_11658,-2.3375,-0.3836,18.8215,0.6,0,0,10489.40039,0,21641.59961,0,789956,9017.599609,0,506634,0,0,0,37430.80078,941749,0,42348.80078,0,62516.69922,0,109371,0,176614,90442.60156,0,0,32032.40039,15157.5,52501,0,0
Plate3_V3_GD10_01_11677,-7.2188,-1.759,62.8685,0.6,0,0,80555.39844,0,0,0,572901,112753,0,173224,61973.10156,104316,9988.169922,0,267719,0,55130.89844,77671.10156,166799,0,54424.30078,59253.69922,491568,31340.30078,0,0,31401.19922,17555.90039,19812.59961,0,0
Plate3_V3_GD11_01_11678,-5.3761,-2.6549,62.4322,0.6,0,0,120031,0,0,0,841806,93890.89844,0,124539,32055.40039,42693.5,206484,0,277860,10001,57874.80078,53189,221571,0,65358.19922,24480.09961,230333,48638.19922,0,0,38453,29688.40039,24876.80078,26725.40039,0
Plate3_V3_GD12_01_11679,-7.9626,-1.5772,60.8545,0.6,0,0,65438,0,0,0,341568,79787.70313,0,602547,0,8803.55957,128666,0,253161,0,34904.39844,41480,182537,0,1080490,20949.80078,170197,76191.39844,27902.09961,0,42964.39844,42550.5,45365.30078,0,0
Plate3_V3_GD1_01_11666,-4.9238,-1.1305,5.7849,0.6,0,0,11437.2002,0,80094.60156,0,442237,6834.879883,0,112476,0,0,0,105451,1090920,0,26157.80078,0,56331.69922,0,82231.5,0,163967,47945.5,0,0,18241.19922,45201,28935.19922,0,0
Plate3_V3_GD2_01_11667,-2.8224,-0.7442,7.1391,0.6,0,0,23126,0,22933.5,0,739190,8582.139648,0,187664,0,0,0,25906.19922,514896,0,34551.30078,0,43312.80078,0,93729.20313,0,143965,32121.69922,0,0,12276.7002,24875.19922,46222.10156,0,0
Plate3_V3_GD3_01_11668,-3.0352,-0.6391,65.979,0.6,0,0,86214.5,0,0,0,665895,143352,0,2278040,5920.470215,19720.5,101834,0,185421,0,49529.80078,38503.60156,138938,0,1385850,28355.69922,390880,35836.19922,11587.40039,0,27508.40039,12174.7998,19927.5,0,0
Plate3_V3_GD4_01_11669,-1.1016,-2.7842,65.2934,0.6,0,0,59979.80078,0,0,0,285156,138167,0,864153,0,0,163221,0,155237,0,46629.80078,56946.19922,251578,0,736493,16700.69922,370779,59793.39844,30354.09961,0,27259.80078,15254.7998,29189,0,0
Plate3_V3_GD5_01_11670,0.0318,-3.3405,65.0481,0.6,0,0,82486.29688,0,0,12275,1023110,168132,0,682115,26802.09961,63000.89844,198807,0,201839,20373.30078,71478.89844,65726.5,266703,0,365451,24608.69922,514864,62796.10156,23168.80078,0,34458.30078,18499,30368.90039,0,0
Plate3_V3_GD6_01_11671,-3.6881,-3.2029,62.8719,0.6,0,0,129999,0,0,7864.350098,1066510,212488,0,682697,23584.19922,160423,5742.47998,0,154558,11835.09961,59219.19922,84391.29688,266266,0,151724,41209.30078,837357,39994.30078,17243.59961,0,31625.09961,18367.19922,23712.59961,0,0
Plate3_V3_GD7_01_11674,-2.027,-3.7005,62.8335,0.6,0,0,119907,0,0,19342.90039,523040,218669,0,152867,21703.30078,95493.39844,27498.90039,0,225364,17165.09961,61394.5,101773,445025,0,39841.5,30472.59961,703137,37736.69922,36721.39844,0,35609.19922,18489,27103.19922,0,0
Plate3_V3_GD8_01_11675,-0.1555,-3.7824,62.9957,0.6,0,0,249516,0,0,29483.5,1165220,267057,0,79533.89844,30746,95028.10156,26040.09961,0,271606,56496.19922,86353.79688,100648,416044,0,23026,30524.40039,938763,103102,25563.59961,0,98716.70313,13416.2002,64151.69922,0,0
Plate3_V3_GD9_01_11676,-5.5924,-0.9462,64.6879,0.6,0,0,133965,0,0,14218.2998,776809,172100,0,120135,17754.59961,116931,168429,0,157265,11960,64873.30078,102389,318138,0,47847.10156,24492.59961,254472,25395.09961,26385.90039,0,29725.09961,16177.7002,21671.69922,0,0
Plate3_V3_GE10_01_11694,-9.5523,-2.4137,43.6595,0.6,0,0,8838.839844,0,28166.80078,0,740134,36617,0,329551,0,0,22017.40039,0,223171,0,34112.69922,12473.5,109841,0,472849,0,114179,182024,12948.7998,0,32769,56836.30078,130369,0,0
Plate3_V3_GE11_01_11695,-9.3807,-2.3883,41.6055,0.6,0,0,26176,0,47638.39844,0,790664,49071.19922,0,302623,0,0,38643.5,0,207874,0,33045.5,19694.19922,126894,0,450435,0,123906,156133,23754.80078,0,38309.60156,39239.10156,158268,0,0
Plate3_V3_GE12_01_11696,-7.3747,0.5825,48.3237,0.6,0,0,0,0,0,0,1017250,35621.69922,0,439445,0,0,52514.69922,0,254289,0,45631.5,9992.599609,126929,0,846689,0,64421.80078,104112,0,0,37815.10156,113542,118214,0,0
Plate3_V3_GE2_01_11684,-8.3444,-1.0003,56.4801,0.6,0,0,79762.10156,0,0,0,1125540,55058,0,2691340,0,0,69491.79688,0,281463,0,40576.39844,25155.5,184705,0,1619960,0,123879,107387,32549.19922,0,55259.30078,37781.10156,53517.89844,0,0
Plate3_V3_GE3_01_11685,-6.8391,-1.3993,56.2827,0.6,0,0,28233.90039,0,0,0,308457,44897.5,0,2444980,0,0,77503.70313,0,138923,0,40746.5,26725.59961,180942,0,1395170,0,67450.10156,102546,19771.09961,0,38512.89844,52972.80078,72048.10156,0,0
Plate3_V3_GE4_01_11686,-8.0198,-1.5458,54.983,0.6,0,0,54024.60156,0,0,14123.2998,945759,60214.60156,0,466641,0,0,59355.60156,0,93840.70313,0,25737.69922,22289.5,146839,0,974096,0,108093,51823.10156,21894.69922,0,37187.39844,41097.30078,38202.5,31979.30078,0
Plate3_V3_GE5_01_11687,-7.1818,-1.5663,54.0936,0.6,0,0,27503.5,0,0,0,1449830,48524.39844,0,222925,0,0,43285.69922,0,168485,0,26672,23492.09961,120738,0,649556,44317.80078,84782.79688,99940.5,12261.5,0,34158.19922,36084.60156,72731.60156,0,0
Plate3_V3_GE6_01_11688,-9.1121,-0.7837,52.3025,0.6,0,0,21992.09961,0,0,0,855035,53130,0,1985590,0,0,46207.60156,0,277232,0,37094.5,23002.30078,153554,0,606989,0,142186,115609,24170.80078,0,45826.5,22462.30078,96504.20313,0,0
Plate3_V3_GE7_01_11691,-8.2206,-0.8973,50.3112,0.6,0,0,8916.379883,0,0,0,467404,32021.90039,0,794998,0,0,63303.60156,0,367393,0,31207.59961,25273.30078,124121,0,489959,0,216801,138621,0,0,37175.5,40090,100956,0,0
Plate3_V3_GE8_01_11692,-10.5849,-1.1452,49.189,0.6,0,0,0,0,16481.30078,0,357775,40546,0,1676390,0,0,21819,0,202153,0,29570.80078,18051.69922,116973,0,398128,0,92476.70313,178987,0,0,30057.09961,37751.69922,154446,0,0
Plate3_V3_GE9_01_11693,-8.727,-1.351,46.6155,0.6,0,0,23799.90039,0,45299.19922,0,926867,41427.89844,0,2198910,0,0,41929.19922,0,257538,0,34977.69922,16339.90039,146416,0,538638,0,81236.60156,220184,0,0,50912.30078,61082.80078,158533,0,0
Plate3_V3_GF10_01_11712,,,,,0,0,56834.80078,20445.5,0,0,231202,12442.2002,0,91001.60156,0,0,40910.19922,0,102248,0,38285.60156,5889.700195,84817.70313,0,46506.89844,63230.5,513112,25671.19922,23163.5,0,0,30118.69922,18604.5,498578,222531
Plate3_V3_GF11_01_11713,,,,,0,0,34105.39844,4732.419922,0,0,794728,27600.19922,0,54918,0,0,44839,0,132949,0,29319.5,13494.40039,90878.10156,0,48104.30078,105777,422043,60593.60156,19769.09961,0,26279,42377.69922,24099.5,122817,68292.79688
Plate3_V3_GF12_01_11714,,,,,0,0,38665.39844,0,0,47751,737256,70309.10156,0,47131.30078,14043.59961,24863.19922,50740,0,52758.5,0,20658.40039,27464.90039,136236,0,44425.5,0,214060,39061.39844,0,0,34245.69922,23025.90039,14896.7002,68549.39844,0
Plate3_V3_GF3_01_11735,,,,,0,0,115040,0,0,0,455075,21683.80078,0,253084,0,0,73406.89844,0,315033,0,45259.30078,17319.90039,153751,0,333625,66297.29688,78789.39844,71150.39844,14009.5,0,46924.60156,0,36152.5,0,0
Plate3_V3_GF4_01_11703,,,,,0,0,36150.19922,0,0,5637.930176,1343540,37704.39844,0,166632,0,0,14481.59961,0,68210.60156,0,25192.69922,26418.19922,119440,0,353508,0,63216.39844,39214.69922,11460,0,32488.80078,35207.39844,24992.90039,0,0
Plate3_V3_GF5_01_11704,,,,,0,0,72167.10156,0,0,0,832721,45947.60156,0,194659,0,0,33056.5,0,96560.10156,0,31026.90039,19554.19922,132782,0,305492,0,129318,41626.80078,12460.2998,0,47398.69922,31341.80078,26907.90039,35317.19922,11194
Plate3_V3_GF6_01_11705,,,,,0,0,65780.89844,0,0,15597.40039,822276,40132.69922,0,123703,0,0,53454.60156,0,98661.89844,0,21502.30078,20407.19922,127242,0,218962,0,104244,33871,24634,0,22711.19922,59255.80078,24560.40039,0,0
Plate3_V3_GF7_01_11708,,,,,0,0,40053.5,0,0,0,355379,40016.19922,0,92814.79688,0,0,83425.79688,0,128740,0,39001.60156,27143.59961,137056,0,84790.20313,0,240148,56986.5,15587.90039,0,38888.19922,33593.30078,28037.19922,44187.39844,11110.09961
Plate3_V3_GF8_01_11710,,,,,0,0,84801.79688,31693.59961,0,0,400769,20654.69922,0,130649,0,0,30221.90039,0,158893,0,19386.59961,12447.09961,58221.80078,0,59517.80078,22213.90039,438867,57256.69922,16833.69922,0,20078.5,45862.80078,30960,279724,140143
Plate3_V3_GF9_01_11711,,,,,0,0,69227.60156,42517.60156,0,0,566670,41172.89844,0,257498,0,0,36991.60156,0,140932,0,31122.59961,17292.90039,118848,0,111663,18360.80078,494237,68001.89844,24327.5,0,39143.69922,34610.5,34357.5,438415,159852
Plate3_V3_GG11_01_11730,-2.6518,-5.2611,59.1637,0.6,0,0,260087,0,0,34479,473493,218141,0,117780,14967.90039,13845.5,43961.69922,0,400615,21131.90039,55707.39844,21193.69922,344037,0,20240.5,45116.19922,725463,121819,12013.7998,0,91848.89844,8970.419922,65679.89844,0,0
Plate3_V3_GG12_01_11737,-5.5365,-4.0418,58.5483,0.6,0,0,58988.19922,0,0,0,961013,64207.60156,0,146639,44474.39844,68621.60156,166393,0,189843,0,34646.80078,53656.80078,144777,0,251005,17221.69922,246105,73332.79688,0,0,48645.69922,31742.09961,48575.30078,0,0
Plate3_V3_GG2_01_11719,,,,,0,0,61663.5,0,0,0,979208,48086.80078,0,178440,0,0,73681.39844,0,98424.10156,0,34338.5,20061.19922,120766,0,176802,0,192050,68403,26590.09961,0,46535.89844,38742.19922,37238.19922,25236.19922,6589.370117
Plate3_V3_GG4_01_11721,,,,,0,0,66464.79688,0,0,0,531894,46504.60156,0,105044,0,0,36656,0,114266,0,44330.5,25494.40039,155456,0,191665,28651.90039,267671,75013.89844,34599.19922,0,44081.19922,55432.60156,32827.60156,44179.30078,11784.7998
Plate3_V3_GG5_01_11722,,,,,0,0,48943.5,26727.5,0,28517.19922,728053,13554.2998,0,133584,0,0,27028.59961,0,79370.10156,0,23239.59961,12005.5,64722.89844,0,64691.39844,32147.09961,532822,67713.10156,0,0,27806.69922,23519.30078,20126.30078,344960,209348
Plate3_V3_GG6_01_11723,,,,,0,0,34927.80078,17045,0,19542.80078,695327,16938.30078,0,66549.89844,0,0,41161.69922,0,77077.39844,0,19277,17927.09961,92272.39844,0,104538,14579.90039,267756,53037.30078,0,0,33755.39844,39764.60156,22345.69922,137102,68855.29688
Plate3_V3_GG7_01_11726,-4.7721,-3.6416,61.3992,0.6,0,0,100396,0,0,10502.2998,317464,73662.20313,0,48159.89844,45263.19922,143475,268158,0,123260,12138.59961,51601.89844,30374.69922,228946,0,29484.69922,17184.40039,314480,36258.39844,0,0,36092.60156,20627.5,18702,0,0
Plate3_V3_GG8_01_11727,-3.0105,-4.3958,61.069,0.6,0,0,130340,0,0,8787.120117,963512,235316,0,42141,11186.90039,27166.59961,14885.2002,0,132600,11169.5,33325.30078,64530.80078,273174,0,0,47244.80078,797461,88072,28778.59961,0,67906.60156,5737.129883,39800.19922,0,0
Plate3_V3_GG9_01_11728,-5.7625,-3.5681,60.2156,0.6,0,0,90472.89844,0,0,0,643609,53742.60156,0,116870,34293.89844,19862.5,153688,0,72249.39844,0,40279.80078,30137.5,157996,0,185616,10550.7002,141535,35614.69922,0,0,28432.09961,28596.59961,23166,19120.90039,0
Plate3_V3_GH10_01_11758,-0.2475,-4.7698,49.1616,0.6,0,0,70597.39844,0,0,0,2084490,116508,0,61777.89844,0,0,48295.10156,0,279206,0,36016.5,69120.29688,324276,0,116290,0,636025,233668,34424.5,0,231074,42733.89844,104604,0,0
Plate3_V3_GH12_01_11760,-3.35,-3.8242,49.0953,0.6,0,0,117236,0,0,0,630285,32072.59961,0,103319,0,0,17484.30078,0,97122,0,49590,17006.90039,102450,0,64247.69922,0,47544,58632.69922,0,0,34161.19922,32112.59961,21102.19922,0,0
Plate3_V3_GH2_01_11748,-1.7623,-5.55,57.184,0.6,0,0,107645,0,0,15057.90039,1148910,107059,0,88442.10156,103902,52898.60156,12303.59961,0,529258,15350.2002,51487,44570.80078,155017,22378.30078,21182,33076.69922,635972,117752,0,0,76360.10156,11280.59961,62181.80078,0,0
Plate3_V3_GH3_01_11749,-3.9634,-4.4956,55.6456,0.6,1118800,0,54895.69922,0,25718.09961,0,1073840,95816.39844,0,170136,20354.40039,17348.5,49479.10156,0,309587,0,35295.30078,51838.10156,130082,0,184174,0,185399,63212.10156,0,0,38773.30078,17108.19922,32537.19922,0,0
Plate3_V3_GH8_01_11756,-0.7003,-5.1738,51.3477,0.6,0,0,132541,0,0,0,1133220,125508,0,226233,37531.69922,24548.90039,173409,0,187347,0,49999.39844,33197.69922,186790,0,155774,21872.5,166756,75541.10156,0,0,67099.60156,30274.80078,42604.80078,0,0
Plate3_V3_GH9_01_11757,-1.664,-4.6583,50.0984,0.6,0,0,150641,0,0,0,768089,53241,0,168518,8889.429688,7215.100098,53106.30078,0,171612,0,64685.10156,29508.90039,155733,0,127483,82833.70313,167579,89314.39844,5421.830078,0,74084.60156,33220.30078,40603.89844,0,0
Plate3_V3_rerun_E1_01_11764,-6.7152,-1.2283,57.8229,0.6,559005,0,32965.80078,0,0,0,476756,43341.39844,0,868340,0,0,48776.60156,0,113178,0,25396.90039,13197,127794,0,806716,0,40032.89844,37274.60156,0,0,17829.69922,60068.5,29898.80078,0,0
Plate3_V3_rerun_F1_01_11765,-9.2841,-0.6048,42.3361,0.6,0,0,30035.90039,0,0,24039.30078,681465,22744,0,113486,0,0,20683.30078,0,63778.19922,0,28792.09961,0,29456.59961,16677.30078,90846.10156,0,0,22433.40039,0,0,17370.90039,0,14786.59961,0,0
Plate3_V3_rerun_F2_01_11766,,,,,0,0,35554.89844,0,0,30395.59961,1833640,25525.40039,0,163272,0,0,17552.90039,0,81847,0,22847.09961,13016.59961,70364.89844,0,326728,0,26127.09961,56892.5,0,0,32387.09961,21245.19922,9836.290039,0,0
Plate3_V3_rerun_G10_01_11769,-4.0672,-4.6489,59.8118,0.6,0,0,117531,0,0,0,234944,80191,0,52388.19922,39549.30078,166276,292650,0,111838,0,35622.80078,40492.60156,312030,0,33585.89844,12055.5,178937,45814.69922,0,0,28442.59961,25818,30730.40039,32708.5,13049.09961
Plate3_V3_rerun_G1_01_11767,,,,,0,0,34142.10156,0,0,0,391708,27102.59961,0,112242,10063.5,0,15896,0,93939.89844,22558.40039,28042,14295.2998,38609.89844,0,46800.10156,0,111834,31173.19922,0,0,19517.5,6544.700195,16567.19922,29015.09961,8566.719727
Plate3_V3_rerun_G3_01_11768,,,,,0,0,92082.60156,0,0,0,375018,59692.19922,0,270461,0,6338.819824,48071.80078,0,125400,0,30646.19922,38668,135249,0,189889,0,119410,42866.30078,24412.40039,0,32898.60156,28831.09961,22012,0,0
Plate3_V3_rerun_H11_01_11787,-1.62,-4.615,48.8224,0.6,0,0,296137,0,0,0,1367130,11240.7998,0,147551,0,0,0,0,251857,0,67512.5,0,27108.59961,38208.5,0,0,5529.819824,126106,0,0,49442.69922,5072.109863,68030,0,0
Plate3_V3_rerun_H1_01_11782,-3.7506,-5.1614,57.5355,0.6,0,0,205061,0,15893.7002,9770.230469,1065780,72766.20313,0,102253,24572.90039,73091.70313,10613.40039,0,484197,17245.09961,57376.60156,46815.10156,234693,14858,60982.10156,34332.69922,33460.89844,87435.10156,0,0,66371.10156,26052.59961,52479.89844,0,0
Plate3_V3_rerun_H4_01_11783,-1.3982,-5.6056,55.1752,0.6,2580240,0,284219,0,54356.19922,45334.60156,2547350,6867.120117,34876.89844,175863,153078,97820.29688,55220.5,0,473514,0,22464.90039,44086.69922,77188,40825.69922,96573.60156,25083.80078,0,46615.5,0,0,16726.5,21336.5,21626.90039,0,0
Plate3_V3_rerun_H5_01_11784,-3.8572,-4.2714,53.9496,0.6,2723480,0,127877,0,74904.60156,10754.59961,3404630,0,50285.10156,47610.19922,68492.39844,18759.90039,7818.490234,19225.19922,1015640,0,16076.5,0,26001.90039,30487.90039,0,0,5642.779785,18573.69922,0,0,0,5974.299805,22866.40039,0,0
Plate3_V3_rerun_H6_01_11785,-1.0927,-5.3396,53.3382,0.6,2034700,0,184022,0,35267.39844,0,2383670,9566.94043,35635.39844,209886,87633.39844,0,19623.90039,0,506497,0,35561.30078,16343.2002,49775.5,23196.69922,34674,0,5106.509766,40412.89844,0,0,12969.59961,0,44146.69922,0,0
Plate3_V3_rerun_H7_01_11786,-4.2513,-3.1008,52.1398,0.6,0,0,241464,0,19742.90039,0,1382360,32725.69922,0,168347,6292.700195,6056.259766,46391.30078,0,244664,0,47937.60156,10989.59961,70123.79688,0,76296,0,14410.2998,114742,10215,0,53314.80078,11304.90039,66557.70313,0,0
Plate4_V3_BD3_01_17267,-0.4213,0.4781,38.6812,0.6,0,0,0,0,0,0,942052,0,0,0,0,0,0,0,26001.19922,0,0,0,17707.69922,159095,0,52396.69922,189947,34362.10156,0,0,12882.90039,0,15049.2998,0,0
Plate4_V3_BD4_01_17269,-0.4052,1.0981,38.7502,0.6,0,0,0,0,0,0,948306,0,0,0,0,0,0,0,19633.19922,0,0,0,10660.5,71772.20313,0,56087.5,97924.10156,15330,0,0,0,0,4742.140137,0,0
Plate4_V3_BE7_01_17270,-1.8393,2.9705,38.2845,0.6,0,0,7439.870117,0,0,0,0,0,0,0,0,0,0,0,111183,0,0,0,12601.7998,60753,0,0,99621.39844,21036.90039,0,0,0,0,0,0,0
Plate4_V3_GA10_01_11831,-1.8478,-4.7813,22.9718,0.6,0,0,36311.19922,0,55164.39844,0,1511490,24932.69922,0,138246,0,7712.759766,25952.80078,102529,1623300,0,42988.39844,11696.40039,96507.89844,0,83649.60156,0,234805,160828,0,0,44938.39844,23388.69922,74850.79688,0,0
Plate4_V3_GA11_01_11832,-5.7789,-3.8876,20.4314,0.6,0,0,17633.5,0,112330,0,790202,19036.40039,0,196290,0,0,0,63976.30078,1771100,0,35813.69922,8738.209961,37677.89844,0,101480,6943.200195,205343,85352.5,0,0,32275,19770.90039,49683.10156,0,0
Plate4_V3_GA12_01_11909,-2.4289,-4.3665,20.4085,0.6,0,0,31096.59961,0,41293.19922,0,1477760,17637.59961,42644.89844,361171,0,0,0,86647.20313,1840970,0,46862,0,52850.89844,0,73306.10156,0,145046,201485,0,0,37443.60156,31604,87489.10156,0,0
Plate4_V3_GA2_01_11899,-1.4371,-4.136,31.5645,0.6,0,49189.19922,197538,0,0,0,415040,17725.40039,0,27834.19922,0,0,23030.90039,0,245458,0,48555.30078,29393.30078,168333,0,39773.60156,13027.40039,270022,123716,24703.5,0,75317.10156,58015.69922,51083.19922,0,0
Plate4_V3_GA4_01_11903,-5.1397,-5.4748,29.569,0.6,0,0,146471,0,0,0,431139,18890.30078,0,26915.90039,0,0,0,0,962824,0,41325.19922,21319.40039,77413.89844,0,0,38536.39844,247900,104049,0,0,61036.10156,74213.70313,36131.30078,0,0
Plate4_V3_GA6_01_11898,-3.3862,-5.8188,28.0859,0.6,0,0,81128.39844,0,0,0,849128,28934.59961,0,60768.30078,0,0,12187.2002,0,1227060,0,55608.89844,7172.350098,137747,0,58282.5,20405.40039,235629,145532,0,0,89829.20313,152899,67310.60156,0,0
Plate4_V3_GA7_01_11907,-5.072,-5.022,25.9825,0.6,0,0,73895,0,0,0,463999,22733.90039,0,64630.69922,0,0,0,35360,1124550,0,37232.30078,16801.30078,114256,0,66669.60156,15056.90039,242296,183070,0,0,79865.39844,65364.60156,82971.60156,0,0
Plate4_V3_GA9_01_11830,-4.7915,-4.9543,23.2234,0.6,0,0,39857.60156,0,107521,0,387840,28753.09961,0,134303,0,0,36032.19922,71207.5,1930270,0,34706.60156,14461.2998,111805,0,91988.60156,25332.59961,229462,106571,0,0,41913.30078,18828.30078,45355.39844,0,0
Plate4_V3_GB10_01_11842,-0.7939,-2.0008,29.3572,0.6,0,0,26734.5,0,0,0,523201,15280.7002,0,45321.60156,0,0,0,0,480043,0,32284.5,24606.90039,101676,21437.19922,69295.79688,0,221956,88129,10158.2002,0,51822.89844,55952,53618.89844,0,0
Plate4_V3_GB11_01_11918,-1.652,-4.5721,31.1325,0.6,0,0,43350,0,0,0,1296700,26217.40039,0,82884,0,0,0,0,756375,0,48792.69922,55549.5,104655,0,68632.10156,28117.59961,258690,143634,0,0,73638.5,41218.89844,55556.19922,0,0
Plate4_V3_GB12_01_11919,-1.6405,-4.1464,33.9885,0.6,0,458708,36976.19922,0,0,97885,1032410,15524.2002,0,7567.879883,0,0,0,0,207341,13544.59961,28781.69922,13789.5,43293.5,0,0,0,187920,102191,0,0,56277.60156,14001,28508.19922,0,0
Plate4_V3_GB2_01_11911,-6.5662,-3.4547,15.5135,0.6,0,0,20193.5,0,69568.89844,0,547915,7515.299805,0,247879,0,0,0,93668.70313,1830620,0,39246.39844,0,47977.80078,0,85125,0,109818,82945,0,0,26028.90039,18316.40039,62464.19922,0,0
Plate4_V3_GB3_01_11902,-3.194,-4.1897,16.0958,0.6,0,0,32637.80078,0,60989.80078,0,973977,23939.59961,0,442740,0,0,0,68862.20313,1535550,0,43079.10156,0,71466.39844,0,113166,9125.240234,135539,180528,0,9929.490234,36626.60156,50629.60156,134861,0,0
Plate4_V3_GB5_01_11827,-5.7743,-2.6204,9.0907,0.6,0,0,11447.40039,0,61851.80078,0,2090770,18943.30078,0,104138,0,0,0,105332,1390180,0,27187.19922,9711.990234,59691.19922,26598.80078,83971.5,36494.69922,152616,62196.39844,0,0,25326.19922,25004,65628.79688,0,0
Plate4_V3_GB6_01_11916,-3.9375,-3.7198,8.7877,0.6,0,0,23301.69922,0,33389.80078,0,1320220,17501.69922,0,223687,0,0,0,48774.39844,1077400,0,39761.89844,0,57520.69922,0,53138,97254.60156,125367,102059,0,0,30183.5,21431.90039,68135.10156,0,0
Plate4_V3_GB7_01_11839,-5.2709,-2.443,6.5123,0.6,0,0,11330.7998,0,57214.39844,0,839612,14341.7998,30558.5,44352.5,0,0,0,67484.79688,1134680,0,22467.5,0,50086.80078,0,53998,0,100648,57450,0,0,17990.59961,30626.90039,38327.5,0,0
Plate4_V3_GB8_01_11917,-3.7599,-3.4396,5.698,0.6,0,0,14153.09961,0,70314.20313,0,1277210,12359.90039,0,108162,0,0,0,45350.60156,1576650,0,42772,0,43881.80078,0,58226.39844,101989,101870,74083.70313,0,0,24368,27768,106203,0,0
Plate4_V3_GB9_01_11841,-3.4962,-5.3058,21.7917,0.6,0,0,38044.10156,0,42360.89844,0,1196390,55897.89844,0,192555,0,0,76944.5,101135,2126430,0,36411.69922,27609.59961,219720,15237.40039,107346,13804.7998,202948,102313,21514.40039,0,48380.89844,45125.80078,44536.30078,0,0
Plate4_V3_GC10_01_11859,-1.3241,-2.9979,40.0022,0.6,0,0,31684.19922,0,0,0,4835590,29004.30078,0,0,0,0,87314.5,0,113162,35627.69922,37874.39844,58157.60156,257290,0,38592.10156,26761.69922,699688,139537,20393.5,0,96830.89844,21852.59961,51270.5,0,0
Plate4_V3_GC11_01_11860,-2.4082,-4.1833,38.3511,0.6,0,0,16697.90039,0,0,12064.2998,1329340,47541.5,0,6498.740234,9823.570313,0,58115.10156,0,82685.89844,0,33222.30078,26953,171758,27675.90039,28727.30078,99667.60156,321909,69070.5,0,0,65753.10156,26109.59961,28259.69922,0,0
Plate4_V3_GC12_01_11960,-0.7768,-2.1495,39.2378,0.6,0,0,15222.5,0,0,0,799811,0,0,0,0,0,0,0,73554.60156,0,0,6400.319824,35883.60156,0,0,0,271286,30754.59961,0,0,29696.90039,0,18933.5,0,0
Plate4_V3_GC1_01_11951,-0.8152,-2.7255,32.3773,0.6,0,0,39738.10156,0,0,0,696806,0,0,10880.40039,0,0,0,0,259229,0,31965.5,0,8535.280273,0,0,0,17801.40039,62118.39844,0,0,17882,0,25068.09961,0,0
Plate4_V3_GC2_01_11948,-0.1778,-0.6185,33.8467,0.6,914176,0,19920.09961,0,0,0,576684,5740.459961,0,13258.7002,0,0,0,0,157979,0,26152.30078,7116.819824,62704.60156,0,0,0,97723.39844,41950.69922,0,0,23972.09961,22777.19922,8842.650391,0,0
Plate4_V3_GC3_01_11949,-0.0529,-0.4564,36.595,0.6,0,0,32011.80078,0,0,0,548984,5955.700195,0,0,0,0,0,0,121545,0,20838.19922,25163.40039,50965.89844,0,0,0,116374,41692.10156,0,0,23219,21375,15657.7998,0,0
Plate4_V3_GC4_01_11952,-0.5313,-2.2851,35.8885,0.6,0,0,33530.19922,0,0,0,541814,0,0,0,0,0,0,0,71984.89844,0,0,0,21503.80078,0,0,0,61223,33680.39844,0,0,15097.40039,6571.410156,14000,0,0
Plate4_V3_GC5_01_11953,-0.4164,-2.1227,34.5043,0.6,0,0,26606.59961,0,0,0,631828,0,0,0,0,0,0,0,32031,0,15973.90039,0,22637.59961,0,0,63776.80078,83575.79688,32238.30078,0,0,16810.19922,13951.7998,14875.7002,0,0
Plate4_V3_GC6_01_11954,-1.3753,-3.3027,37.2892,0.6,0,0,32435.69922,0,0,0,547971,0,0,0,0,0,0,0,47225.39844,0,15948.5,0,37667.19922,0,0,88033.10156,89510,25783.80078,0,0,24487.5,15599.40039,12755.5,0,0
Plate4_V3_GC7_01_11955,-0.4968,-1.97,37.4619,0.6,0,0,13894.7002,0,0,0,375416,0,0,0,0,0,0,0,21665.59961,0,0,0,31302.59961,0,0,0,90017.20313,23024.19922,0,0,21184.80078,9821.549805,12346,0,0
Plate4_V3_GC8_01_11959,-1.239,-3.239,36.1166,0.6,0,0,7072.97998,0,0,0,333999,0,0,0,0,0,0,0,20529.19922,0,0,0,16543,0,0,0,85613.5,15828.7002,0,0,11237.40039,12485.2998,0,0,0
Plate4_V3_GC9_01_11858,-2.2961,-3.7803,39.5943,0.6,0,0,30448.69922,0,0,0,1080250,16447.30078,0,0,0,0,0,0,36974.5,0,30331.59961,7655.399902,116694,0,0,0,204925,36028.69922,17607,0,37849.30078,43329.80078,17257.40039,0,0
Plate4_V3_GD10_01_11876,-2.68,4.2027,45.6077,0.6,0,0,112381,0,0,0,1008600,48838.5,0,18608,44763.30078,14287,73479.39844,0,242612,0,53130.19922,69019.20313,115320,28016.40039,0,0,306083,53301,5514.22998,0,47366.30078,26571.40039,26000.40039,0,0
Plate4_V3_GD11_01_11877,-1.2474,4.4129,44.535,0.6,0,0,293144,0,0,0,871700,152309,0,7268.669922,76158,46716.89844,13957.90039,0,197703,16106.59961,61718.19922,117283,242386,0,0,19608.09961,784240,51995.5,27257.40039,0,53193.69922,27031.69922,42111.30078,0,0
Plate4_V3_GD1_01_11961,-0.5591,-1.0385,38.8956,0.6,0,0,6951.799805,0,0,0,312762,0,0,0,0,0,0,0,33357.89844,0,11185,0,15672.2998,0,0,0,72494.79688,8487.5,0,0,0,0,0,0,0
Plate4_V3_GD2_01_11962,-0.3279,0.915,37.6057,0.6,0,0,10401.2998,0,0,0,463656,0,0,0,0,0,0,0,173093,0,10559.5,0,15535.7998,0,0,0,123750,13178.2998,0,11856.90039,11104.2002,13716.2002,17157,0,0
Plate4_V3_GD5_01_11967,-6.00E-04,-3.8445,42.3754,0.6,0,0,38087.19922,0,0,0,135005,10898.40039,0,0,0,0,16593.80078,0,105177,0,15079.59961,0,48757.30078,0,0,0,130677,22490.19922,0,0,19707.69922,0,10678.5,28469.09961,0
Plate4_V3_GD6_01_11968,-0.9275,-4.1,43.973,0.6,0,0,25435.59961,0,0,0,145150,6591.879883,0,0,0,0,0,0,34101.30078,0,0,0,31065.5,0,0,0,158748,16414.59961,0,0,16337.7998,0,0,0,0
Plate4_V3_GD7_01_11969,-3.6199,-3.7971,45.4866,0.6,0,0,18798.59961,0,0,0,369896,6083.279785,0,0,0,0,0,0,45383.39844,0,0,0,23045.19922,0,0,0,107096,7838.700195,0,0,10192.90039,7166.22998,0,0,0
Plate4_V3_GD8_01_11970,-0.145,-4.7655,46.9093,0.6,0,0,17904.30078,0,0,0,185971,7830.339844,0,10164.5,0,0,0,0,46843.19922,0,21778.69922,9663.049805,47913.80078,0,0,0,157908,19516.90039,0,0,14955.90039,9648.160156,0,0,0
Plate4_V3_GE1_01_11976,-3.1897,5.0228,43.1044,0.6,0,0,44082.19922,0,0,0,228324,4908.490234,0,0,0,0,0,0,166873,0,0,0,25691.30078,0,0,0,106304,9236.05957,0,0,10605.59961,0,0,0,0
Plate4_V3_GE3_01_11978,-2.929,4.9916,41.2359,0.6,0,0,28518.69922,0,0,9059.570313,893694,0,0,0,0,0,0,0,89503,0,0,0,29366.30078,0,0,0,104308,12456.2002,0,148197,16127.2002,13657.40039,0,0,0
Plate4_V3_GE4_01_11979,-4.6594,4.2461,41.2323,0.6,0,0,25527.19922,0,0,0,469149,0,0,0,0,0,0,0,145669,0,0,0,11654,0,0,0,96579.89844,0,0,0,0,0,0,0,0
Plate4_V3_GE5_01_11980,-6.6549,0.2326,40.2248,0.6,0,0,46447.69922,0,0,0,746035,0,0,0,0,0,0,0,233684,0,10809.09961,0,15719.7002,0,0,0,79855.60156,21583.80078,0,0,11569.7002,10376.5,0,0,0
Plate4_V3_rerun_A1_BA4-_01_12032,-5.9501,-4.8492,31.229,0.6,753132,0,78428.5,0,0,0,496456,0,0,0,0,0,0,0,157521,0,22994.30078,0,0,0,0,0,10864.7998,22265.09961,0,0,0,0,7224.490234,0,0
Plate4_V3_rerun_A3_BA3_01_12031,-3.1306,-5.5751,30.6965,0.6,0,0,40563,0,0,0,584102,0,0,14362.7002,0,0,0,0,198051,0,10543.59961,0,29481.30078,0,0,0,85603.79688,29787.90039,0,0,21865.69922,11339.90039,7126.379883,0,0
Plate4_V3_rerun_A5_BA5_01_12033,-1.5311,-4.6981,29.6388,0.6,899807,0,60607.5,0,0,0,724542,0,0,16308.7998,0,0,0,0,296835,0,20632.80078,0,0,0,0,0,5665.720215,61610,0,0,12119.2998,0,33240.69922,0,0
Plate4_V3_rerun_A8_BA8_01_12034,-2.1586,-5.6465,24.9045,0.6,1224070,0,56574.5,0,0,0,1072640,0,0,19220,0,0,0,0,403710,0,18343.69922,0,6390.720215,0,0,0,5822.959961,66974.60156,0,0,22772,0,30056,0,0
Plate4_V3_rerun_B1_BB1_01_12035,-4.6082,-4.737,18.1134,0.6,671163,0,14021.2998,0,90526.89844,0,596972,0,0,130218,0,0,0,29300,941995,0,22154.5,0,27650.09961,0,54987.39844,0,36136.10156,51705.39844,0,0,10644.2998,31071.69922,47963.69922,0,0
Plate4_V3_rerun_B4_BB4_01_12038,-5.1311,-4.1975,12.529,0.6,908987,0,20667.80078,0,94581,0,306331,0,0,136939,0,0,0,20910.69922,799018,0,13193.09961,0,13386.7998,0,0,0,18015.59961,53611.19922,0,0,0,12839.2998,41337.80078,0,0
Plate4_V3_rerun_D12_BD8-_01_12040,-6.4412,1.0381,44.0016,0.6,988398,0,87896.20313,0,0,0,756856,0,0,0,0,0,0,0,206909,0,16718.30078,0,0,0,0,0,67500.10156,20217.80078,0,0,12845.40039,0,9948.089844,0,0
Plate4_V3_rerun_D9_BD7-_01_12039,-5.9492,1.6321,45.9864,0.6,0,0,37188.89844,0,0,0,1061920,7990.700195,0,9813.209961,0,0,0,0,156707,0,16463.69922,0,36748.30078,0,0,0,107538,20933.80078,0,0,16449.5,4820.109863,11855.2002,0,0
Plate4_V3_rerun_E2_BE2_01_12041,-1.375,4.7506,42.2505,0.6,0,138467,31733.09961,0,0,0,725494,0,0,0,0,0,0,0,81773.60156,0,0,0,18672.90039,0,0,0,94004.10156,12216.2998,0,162212,0,6282.27002,5063.990234,0,0
Plate4_V3_rerun_E6_BE6_01_12042,-1.088,4.047,40.0329,0.6,0,0,22531.40039,0,0,0,280675,0,0,0,0,0,0,0,89579,0,0,0,22397,0,0,0,103202,10016.2998,0,17736.19922,11488.2998,11087.7002,10320.40039,0,0
Plate4_V3_rerun_E8_BE8_01_12050,-3.6413,3.4088,38.0974,0.6,1406250,0,38814.69922,0,0,0,1289160,0,0,0,0,0,0,0,337741,0,0,0,13433.09961,0,0,0,147535,15886.90039,0,664358,0,11898,6685.629883,0,0
