row ID,x,y,z,r,"Benzenepropanoic acid, 4-hydroxy-",4-Methylcinnamic acid,8-Methylnonanoic acid,Diethyltoluamide,Caffeine,delta-Dodecalactone,N-Tetradecanoyl-L-homoserine Lactone,Diphenhydramine 147-24-0,Myristic acid ethyl ester,"cis-9,10-methylene-hexadecanoic acid",Diisobutyl phthalate,"Conjugated linoleic Acid (10E,12Z)",Iodopropynyl butylcarbamate,Oleic acid,(-)-Epicatechin,Dihydrosphingosine (19:0),Phytosphingosine,Monoelaidin,Sodium laureth sulfate + Na,Dioctyl phthalate,Tributoxyethyl phosphate,Hydrocortisone valerate
Plate5_V4_GA10_01_16783,52.4174,-41.1569,41.2208,0.6,0,0,3891.709961,27502.19922,0,0,13248.2998,0,0,0,11880.90039,16199.90039,0,100987,0,0,2329.550049,6072.390137,0,8400.669922,23896.5,0
Plate5_V4_GA11_01_16784,52.7267,-39.8328,40.6193,0.6,0,0,15531,34363.60156,8097.569824,0,14123,0,0,0,18520.40039,14384.40039,0,72016.5,0,0,0,8112.669922,0,8896.799805,37168.60156,0
Plate5_V4_GA12_01_16785,54.2161,-42.9871,40.8101,0.6,0,0,7624.839844,19109.90039,0,29058.30078,16109.7998,0,0,0,12680.7002,18910.90039,0,52848.39844,0,0,4362.330078,14228,0,8259.080078,22304.59961,0
Plate5_V4_GA5_01_16786,53.1943,-42.167,42.8728,0.6,0,0,3871.929932,24762.5,3065.080078,0,14332.2002,0,0,0,14776.2002,15216.5,0,111681,0,0,0,4064.110107,0,9945.530273,12503.7998,0
Plate5_V4_GA6_01_16787,53.0508,-40.1781,42.8822,0.6,0,1839.23999,7315.310059,43016.80078,0,0,18306.80078,0,0,0,10127.90039,20245.40039,0,90989,6769.819824,5463.680176,11177.5,13583.59961,0,9491.160156,19710,20174.30078
Plate5_V4_GA7_01_16780,53.3295,-42.2412,42.0646,0.6,0,0,7544.919922,45152.80078,0,0,27678,0,0,0,16827.30078,13773.09961,0,69325.20313,9607.080078,0,6832.089844,5356.029785,0,10567.7002,27323.5,0
Plate5_V4_GA8_01_16781,52.9222,-40.0867,42.2357,0.6,0,0,8622.5,52950,7599.02002,0,29632.19922,0,0,0,21572.09961,19610.09961,0,85544.29688,0,4545.399902,9192.360352,12768.7998,0,15407.2002,40642.10156,0
Plate5_V4_GA9_01_16782,53.7946,-42.5884,41.4501,0.6,0,0,7742.5,40782.30078,12341.5,0,19251.69922,0,0,0,19003.09961,18918.69922,0,101896,0,7704.299805,12124.2998,15209.59961,0,21442.30078,27296,0
Plate5_V4_GB10_01_16799,51.7153,-42.5215,35.8303,0.6,0,0,15580.2998,30471.80078,4827.839844,0,20765.40039,0,0,0,21675.69922,18143.09961,3655.389893,73511.20313,0,1712.150024,2633.899902,7093.390137,0,17657.69922,24007.90039,0
Plate5_V4_GB11_01_16800,51.6477,-42.4745,35.0275,0.6,0,0,5890.830078,62808.89844,0,0,10419.2002,0,0,0,18519.90039,11833.59961,17805.59961,113534,0,0,0,0,0,4984.509766,17070.5,0
Plate5_V4_GB12_01_16801,52.3336,-41.9472,37.8788,0.6,8075.330078,0,6983,20630.80078,0,32130.5,20893.09961,0,0,0,11795.7998,16131.2998,0,87560.60156,0,3511.72998,8710.94043,1990.800049,0,14066.7002,45603.19922,0
Plate5_V4_GB1_01_16790,52.1962,-41.5096,39.9571,0.6,0,0,0,11124.59961,0,0,4969.149902,0,0,0,15241,0,0,15199.09961,0,0,0,0,0,9227.790039,10730.90039,0
Plate5_V4_GB2_01_16791,52.2368,-40.3767,39.6203,0.6,0,0,7782.790039,27689.80078,4522.339844,0,18974.69922,0,0,0,16736.30078,18239.40039,0,114666,0,11298.2002,0,7749.359863,0,13277.59961,20957.40039,0
Plate5_V4_GB3_01_16792,51.9544,-41.3407,38.8286,0.6,0,0,8667.429688,64905.10156,0,0,17693.5,0,0,0,23921.5,19734.09961,0,97454.89844,0,0,0,7913.149902,0,19050.5,47788.69922,0
Plate5_V4_GB4_01_16793,54.0657,-43.4013,39.7591,0.6,0,0,7900.160156,46506.60156,3032.830078,0,29337.90039,0,0,2158.590088,14044.7998,23808.80078,3052.73999,103249,0,6510.850098,0,8800.160156,0,13031,30034.30078,0
Plate5_V4_GB5_01_16794,53.8185,-43.6394,38.5747,0.6,0,0,3313.969971,29757,10069.2002,0,23158.80078,0,0,0,16892.30078,24140.69922,19060.40039,82001.60156,0,0,0,10880.40039,0,12681,34155.30078,0
Plate5_V4_GB6_01_16795,53.4473,-43.6307,36.9587,0.6,0,0,6362.569824,142082,0,4356.899902,8971.019531,0,0,0,13628.2998,18184.59961,50002.5,92741.10156,0,0,0,5234.700195,0,6158.399902,7662.040039,0
Plate5_V4_GB7_01_16796,53.3939,-42.6029,39.0573,0.6,0,0,8323.709961,39064,18835.40039,1586.530029,18783.5,0,0,0,18548,14905.09961,0,99225,0,8158.589844,14687.2998,4115.319824,0,23739.30078,33225.5,0
Plate5_V4_GB8_01_16797,52.0706,-42.4682,38.1525,0.6,0,0,8370.530273,40482.39844,0,0,23368.30078,0,0,0,13555.5,23119.69922,0,146938,0,0,0,6162.080078,0,12863.09961,28002.19922,0
Plate5_V4_GB9_01_16798,51.8937,-42.5584,37.0941,0.6,0,0,6713.649902,30251.5,0,0,18029.40039,0,0,0,13921.5,5929.02002,1920.319946,24650,24449.09961,0,0,7646.319824,0,10196.40039,28658.09961,0
Plate5_V4_GC10_01_16813,52.7668,-40.0319,37.8875,0.6,0,0,3009.679932,19287.40039,0,0,5381.379883,0,0,0,12272.5,15686.90039,0,30270.90039,0,0,0,9992.879883,0,4246.919922,28383.69922,0
Plate5_V4_GC11_01_16814,52.5782,-39.5372,37.8282,0.6,0,0,5266.839844,28912.09961,8522.950195,0,18953,0,0,0,16079.09961,15329.2998,0,64908.80078,0,0,8880.150391,5779.819824,0,11000,24154.5,0
Plate5_V4_GC12_01_16815,52.5643,-39.4751,37.0259,0.6,0,0,2658.300049,37685.19922,6788.910156,0,12712.7998,0,0,0,21707.30078,16040.2002,7515.629883,26881.5,0,0,0,5127.490234,0,12214.5,34210.80078,0
Plate5_V4_GC1_01_16804,51.7942,-41.5295,37.6546,0.6,3448.169922,0,0,0,0,0,0,0,0,0,11111.5,0,0,6552.620117,0,0,0,0,0,5440.509766,0,0
Plate5_V4_GC2_01_16805,51.674,-41.5334,36.8023,0.6,0,10705,7189.209961,34963.69922,0,0,11923.09961,0,3362.669922,0,26396.40039,15887.90039,0,66775.60156,0,0,5634.25,7897.029785,0,9358.519531,35454.19922,0
Plate5_V4_GC3_01_16806,51.5527,-41.5477,35.6651,0.6,8560.480469,0,0,19244.30078,1773.780029,0,12944.7002,0,0,0,12689.90039,13317.5,0,51750.89844,0,0,0,0,0,9587.589844,6808.890137,0
Plate5_V4_GC4_01_16807,51.3761,-41.352,34.5144,0.6,0,0,7724.430176,132379,0,5840.379883,12199.90039,0,0,0,10004.59961,13135.40039,11012.40039,88573.60156,0,0,0,5031.240234,0,14718,10320.7998,0
Plate5_V4_GC5_01_16808,52.4002,-40.9575,37.8244,0.6,0,0,8769.259766,19899.80078,3039.77002,6969.52002,6341.060059,0,0,0,13472.2998,14311.90039,0,16981.90039,0,0,0,12419.7998,0,10565.7002,42733.10156,0
Plate5_V4_GC6_01_16809,52.0503,-40.6068,37.6827,0.6,0,0,6458.870117,17632,0,0,6248.259766,0,0,0,10541.40039,13711.2002,0,73162.89844,7802.27002,3224.389893,2623.560059,11914.90039,0,12344,23819.90039,0
Plate5_V4_GC7_01_16810,51.9702,-40.5547,36.8986,0.6,19652.90039,0,7556.75,21874.30078,0,0,14661.2998,0,0,0,21311.30078,11620.5,0,38522.10156,0,0,0,5815.060059,0,11026.40039,33499.69922,0
Plate5_V4_GC8_01_16811,51.8322,-40.5289,36.0189,0.6,0,0,4442.049805,21394.30078,7136.459961,0,11573.7998,0,0,1518.640015,17371.30078,12504.59961,0,42246.5,0,0,0,7186.02002,0,11482.59961,26507.40039,0
Plate5_V4_GC9_01_16812,51.5819,-40.4802,34.9994,0.6,0,0,4320.399902,100033,0,0,5824.97998,0,0,0,16232.40039,16708.5,3728.040039,97161,0,0,0,0,0,11539.2002,9480.370117,0
Plate5_V4_GD10_01_16827,53.3263,-40.8643,38.871,0.6,5933.640137,0,5178.370117,33772.19922,0,0,28575.09961,0,0,0,18606.69922,22074.69922,2713.969971,92517.20313,0,0,6905.189941,13879.59961,0,21765.19922,80648.29688,0
Plate5_V4_GD11_01_16828,54.0187,-43.3728,39.8916,0.6,6872.25,0,4808.689941,45959.39844,0,0,16429.59961,0,0,0,13984.2998,10415.09961,4515.580078,66902,0,0,5124.240234,12137.2998,0,11730.5,55349.30078,0
Plate5_V4_GD12_01_16829,53.7908,-42.9729,38.1745,0.6,0,0,7927.660156,49015.30078,45905.5,3294.379883,26308.5,0,0,0,16895.5,20877.90039,10236.7002,38060.5,0,0,6000.290039,4919.410156,0,14201.90039,69989,0
Plate5_V4_GD1_01_16818,52.4301,-39.4826,36.133,0.6,0,0,3728.699951,66448.5,0,0,8857.089844,0,0,0,18357.90039,13557.2002,10310.2998,99078.89844,8071.77002,0,0,3359.060059,0,9860.950195,14900.5,0
Plate5_V4_GD2_01_16819,54.6515,-41.1876,42.8368,0.6,0,0,5234.169922,12243.7002,0,0,11189.09961,0,11371.7998,0,18754.5,15790.7998,0,92448.20313,0,0,2447.76001,4717.200195,0,8437.780273,17309.80078,0
Plate5_V4_GD3_01_16820,54.1797,-40.3575,42.122,0.6,0,0,6276.109863,23939.19922,0,0,12312.59961,0,0,0,14998.7998,13874.59961,0,62780,3578.300049,10829.2002,0,7573.27002,0,11054.90039,27266.19922,0
Plate5_V4_GD4_01_16821,53.9578,-42.1375,42.2952,0.6,0,0,5557.879883,40796.69922,58731.89844,4146.799805,17993.5,0,0,0,15933.09961,14223.2998,0,24163.30078,0,0,0,10650.2998,0,13353.5,36584.89844,0
Plate5_V4_GD5_01_16822,54.2001,-40.0081,40.7612,0.6,0,0,0,5928.290039,0,0,7729.52002,0,0,0,6661.180176,0,0,11854,0,0,0,0,0,7238.830078,13304.90039,0
Plate5_V4_GD6_01_16823,54.4565,-41.3921,40.5375,0.6,0,0,9349.830078,50554.60156,52769.39844,0,18671.80078,0,0,0,15677.09961,14457.2998,0,74153.39844,0,9728.990234,14527.59961,10542.40039,0,16950.5,96049.5,0
Plate5_V4_GD7_01_16824,54.5382,-42.9359,40.4962,0.6,0,0,3470.330078,36129.30078,0,0,30837.09961,0,0,0,13011.40039,17349.59961,3759.189941,69005.10156,3912.02002,6083.560059,0,9331.019531,0,14733.2998,56167.69922,0
Plate5_V4_GD8_01_16825,53.1804,-39.4142,39.5835,0.6,0,0,0,0,0,0,0,0,0,0,0,0,0,0,0,0,0,0,0,16582.30078,0,0
Plate5_V4_GD9_01_16826,53.72,-41.0884,39.9275,0.6,0,0,11062.90039,35077.60156,91941.20313,13295,14412.40039,0,0,0,16368.90039,15960.7002,0,78153.29688,7817.25,0,0,16001.7998,0,15298.90039,4826.220215,2377.26001
Plate5_V4_GE10_01_16841,51.603,-41.3295,34.3941,0.6,0,0,0,10135.09961,0,0,0,0,0,0,10550.7998,0,0,3899.879883,0,0,0,0,0,5921.129883,5211.149902,0
Plate5_V4_GE11_01_16842,52.5984,-40.905,37.6975,0.6,0,0,4779.319824,25531.69922,0,0,17547.59961,0,0,0,14701.2998,14366.40039,10280.2002,88739.20313,0,0,1767.5,8951.290039,0,7672.359863,34794.80078,0
Plate5_V4_GE1_01_16832,53.4472,-43.4085,36.6835,0.6,8756.080078,0,6037.390137,33867.10156,64287,5138.279785,19544.09961,0,0,0,13122.59961,11111.59961,24883.59961,87373.60156,20209.19922,0,0,7916.029785,0,15283.5,50865.30078,0
Plate5_V4_GE2_01_16833,53.4568,-42.602,39.0119,0.6,0,0,3909.860107,19759.40039,40727.10156,8374.230469,10251.40039,0,0,0,15291.2998,12381.7998,5008.049805,23733.19922,6343.290039,2869.189941,1655.319946,14830,0,8643.379883,35996.39844,0
Plate5_V4_GE3_01_16834,52.3879,-42.6924,38.0483,0.6,0,0,3450.929932,32297.09961,0,0,15187.40039,0,0,0,19957.59961,16099.7002,12330.2998,61333.30078,2719.290039,0,0,14653.5,0,9577.429688,37064.19922,0
Plate5_V4_GE4_01_16835,52.5544,-42.5153,36.9126,0.6,0,0,6310.959961,46319.80078,0,4349.870117,19668.30078,0,0,0,13920.40039,14280.5,35519.30078,12600.7002,20183,0,2389.100098,8343.080078,0,15890.09961,36721.80078,0
Plate5_V4_GE5_01_16836,52.3637,-42.5408,35.8962,0.6,11682.59961,0,0,0,0,0,0,0,0,0,12691.40039,0,0,0,0,0,0,0,0,11956,0,0
Plate5_V4_GE6_01_16837,51.8756,-42.4326,34.8759,0.6,0,0,9207.030273,48378,59614.30078,12243.7998,24117.90039,0,0,0,17123.90039,19463.5,45290.89844,120163,21785.19922,0,0,7431.879883,0,12436.2002,38188.30078,0
Plate5_V4_GE7_01_16838,52.5247,-41.9144,37.7995,0.6,0,0,6090.97998,15520.7998,0,16399.69922,13123.09961,0,0,0,10282.7002,16526.30078,0,90123.5,3277.810059,0,0,7784.72998,0,12283.09961,41012.19922,0
Plate5_V4_GE8_01_16839,52.4771,-41.5006,36.7467,0.6,0,0,0,13250.2002,0,2998.26001,5664.290039,0,0,0,6916.359863,3415.919922,7746.140137,9211.830078,0,0,0,0,0,7095,21537.09961,0
Plate5_V4_GE9_01_16840,52.1303,-41.4413,35.4905,0.6,0,0,11565.90039,59607.5,33028.30078,7933.319824,25214.80078,0,0,0,20203,17244.69922,27146.09961,37152.60156,16881.90039,0,6329.060059,9758.700195,0,22381.40039,75357.39844,0
Plate5_V4_GF10_01_16855,61.7187,-45.2216,3.3354,0.6,0,0,0,0,0,0,0,0,0,0,10390.40039,0,0,3296.429932,0,0,0,0,0,8651.969727,0,0
Plate5_V4_GF11_01_16856,60.2872,-44.8865,2.3364,0.6,0,0,4327.939941,23370.80078,0,0,6619.080078,0,0,0,15959.7998,5307.129883,0,33981.39844,0,0,4267.819824,0,0,8269.780273,20130.40039,0
Plate5_V4_GF12_01_16857,61.6313,-45.8962,2.9046,0.6,0,0,0,3219.97998,0,0,0,0,0,0,13342,0,0,4617.509766,0,0,1821.22998,0,0,5979.310059,1958.560059,0
Plate5_V4_GF1_01_16846,52.6121,-40.4717,36.9386,0.6,0,0,3592.820068,13469.2998,3196.77002,11438.5,8805.370117,0,0,0,9743.389648,8047.830078,6674.970215,32410.30078,0,0,0,10918.2002,0,8581.5,66792.79688,0
Plate5_V4_GF2_01_16847,52.3833,-40.4527,35.8459,0.6,0,0,6303.97998,35949.69922,0,0,14757.40039,0,0,0,16066.59961,11861.7002,14154.90039,51994,0,4459.02002,0,14746.09961,0,14250.2998,43725.10156,0
Plate5_V4_GF3_01_16848,51.8493,-40.4985,34.8501,0.6,0,0,4154.540039,40303.30078,63778.60156,4420.299805,20950,0,0,0,12614.90039,14171.90039,23291.5,61459.30078,0,0,0,7573.97998,0,10675.5,28792.90039,0
Plate5_V4_GF4_01_16849,52.8965,-39.9361,37.792,0.6,0,0,3477.699951,26276.59961,0,17138,13268.7002,0,0,0,11796.40039,18828.19922,4247.160156,31179.90039,0,0,0,17148.90039,0,11820.5,32071.5,0
Plate5_V4_GF5_01_16850,53.1279,-39.5552,37.3771,0.6,0,0,4355.620117,32847.80078,0,8388.94043,14294.7002,0,0,0,11013.90039,12285.09961,13794.90039,68402.10156,14100.7002,0,2302.419922,6901.140137,0,12646.2998,9504.19043,0
Plate5_V4_GF6_01_16851,52.9903,-39.5108,36.6981,0.6,0,0,3820.5,25525.90039,6732.569824,0,11176,0,0,0,11468.2998,14733.7002,17363.80078,52866.10156,5852.720215,0,1881.780029,14088.90039,0,10939.90039,56751.69922,0
Plate5_V4_GF7_01_16852,52.7154,-39.5046,35.9924,0.6,0,0,8811.820313,18988,0,5231.180176,17987.90039,0,0,3302.879883,13460.40039,13312.7002,20485.80078,78022.5,0,107301,0,4371.100098,0,10375.7002,44429.5,0
Plate5_V4_GF9_01_16854,62.8926,-45.1844,2.6399,0.6,11178.5,0,3304.439941,29740.40039,77937.10156,0,17455.80078,12437,0,0,13765.40039,11809,0,82442.60156,0,33731.5,0,0,0,14410.2002,45760.80078,0
Plate5_V4_GG10_01_16871,62.086,-48.3882,1.2445,0.6,15887.2998,0,1710.030029,22207.90039,0,0,9538.75,0,1234.530029,0,9093.679688,9856.620117,0,71183,0,20236.80078,0,0,0,9102.599609,47337.60156,0
Plate5_V4_GG11_01_16872,61.6956,-49.2267,1.4431,0.6,15882.40039,0,2185.26001,9048.240234,0,0,5952.689941,0,0,0,16179.59961,7764.47998,0,58904.89844,0,0,3688.100098,0,0,5698.370117,13774.40039,0
Plate5_V4_GG12_01_16874,61.6237,-49.8588,0.7921,0.6,0,0,10986,47046.39844,0,34502.10156,24987.80078,0,0,0,14269.7002,12175.90039,0,115843,0,13801.2002,0,0,0,2307.290039,22212.69922,0
Plate5_V4_GG1_01_16860,63.037,-46.2668,2.1583,0.6,6728.009766,0,3132.040039,27163.69922,92732.20313,0,18666.90039,5354.799805,2434.959961,0,22891.5,10224.7998,0,103308,0,34707.5,21307,4193.899902,0,18219.69922,26233.5,0
Plate5_V4_GG2_01_16861,61.7137,-46.7196,2.4767,0.6,9385.099609,0,1576.910034,7758.669922,0,0,1818.140015,0,0,0,11830.2998,0,0,11852.7998,0,6220.509766,7513.839844,0,0,8893.589844,19542.59961,0
Plate5_V4_GG3_01_16862,60.09,-46.1313,1.6711,0.6,9846.469727,0,6309.209961,47539.30078,48673.80078,9467.540039,21128.5,4747.060059,0,0,15507.7998,13769.90039,0,83524.29688,7382.939941,23337.40039,23133.90039,3827.26001,0,28647.19922,43572.69922,0
Plate5_V4_GG4_01_16864,63.2732,-47.1414,1.6195,0.6,9625.709961,0,4835.379883,73812.5,72307.70313,0,17560.40039,8970.700195,0,0,24817.19922,17364.5,0,97268.89844,0,66696.39844,4047.01001,2087.5,0,18563.5,29256.80078,0
Plate5_V4_GG5_01_16865,61.6864,-47.3835,2.0733,0.6,13977.40039,0,3565,29484.30078,28556.40039,0,12438.09961,0,0,0,11421.2998,13801.7002,0,114466,0,117289,0,0,0,14187.90039,23015.80078,0
Plate5_V4_GG6_01_16866,59.7486,-47.4155,0.8578,0.6,0,0,3929.030029,52615.60156,50482.69922,6535.709961,12116.40039,5174.939941,0,0,15864,13285.5,0,91579.5,0,44877,0,0,0,26596.40039,81165.5,0
Plate5_V4_GG7_01_16867,63.1111,-48.3489,1.251,0.6,6176.310059,0,2862.340088,41853.39844,32996.19922,0,13321.7002,3267.629883,0,0,16876.69922,12909.40039,0,84081,5227.040039,0,14740.2002,0,0,19181.19922,52823,0
Plate5_V4_GG8_01_16868,62.6303,-49.2246,1.5578,0.6,59200.69922,0,3195.459961,34429.60156,0,0,13623.59961,6906.620117,0,0,23484.19922,13692.7002,0,89306.79688,0,19377.59961,0,0,0,8640.169922,33578.60156,7490.029785
Plate5_V4_GG9_01_16870,62.5504,-50.2758,1.2081,0.6,31235.40039,0,7099.009766,123667,0,0,41422.89844,0,0,0,29493.19922,25727.40039,0,100523,0,29004.5,0,5443.879883,0,14725.5,204836,0
Plate5_V4_GH1_01_16884,61.4244,-48.5713,1.4619,0.6,20364.90039,0,5005.279785,13249.90039,0,45286.69922,6496.209961,0,0,0,8826.110352,2956.98999,0,18791.59961,0,9011.480469,3347.73999,0,0,0,8490.490234,0
Plate5_V4_GH2_01_16878,61.0771,-49.0831,1.3021,0.6,5359.430176,0,3646.560059,27752.59961,3369.580078,36866,5434.25,0,0,0,12516.40039,4359.629883,0,45935.69922,11765.40039,5752.359863,0,0,0,4876.330078,7929.259766,0
Plate5_V4_GH3_01_16885,61.056,-49.5667,0.7653,0.6,5762.310059,0,0,0,0,0,0,0,0,0,30422.90039,0,0,0,0,237238,0,0,0,20963.90039,0,0
Plate5_V4_GH4_01_16880,60.8463,-47.9838,0.9608,0.6,4771.410156,0,8336.339844,40033.60156,33660.89844,11048.7002,11206.40039,0,0,0,11008.59961,16735.59961,0,66473.10156,0,14714.7002,0,6448.859863,0,7764.810059,47405.5,0
Plate5_V4_GH5_01_16881,60.5369,-48.591,1.2022,0.6,34806.39844,0,2791.929932,24663.5,5946.640137,0,9861.25,0,0,0,18560.40039,21067,0,86826.10156,0,0,6059.220215,3121.459961,0,7883.25,13053.09961,9514.620117
Plate5_V4_GH6_01_16882,60.6235,-49.0909,0.6307,0.6,65186.80078,0,5588.799805,19501.80078,0,0,10156.09961,0,0,0,14290.2002,15111.59961,0,81363.10156,0,0,0,0,0,3603.350098,41400.69922,6642.470215
Plate5_V4_GH7_01_16883,60.0277,-48.6378,0.6083,0.6,0,0,4123.950195,41281.19922,8539.540039,0,15428.2998,0,21428.5,0,19691.09961,14988.7002,0,77620.10156,0,10800.7998,7555.910156,0,0,4097.899902,54596.39844,0
Plate6_V4_GA10_01_16937,61.6603,-49.8407,0.4542,0.6,15530.5,0,3028.73999,97327.79688,0,0,13974.09961,0,0,0,10449.40039,12890.2998,0,96501.29688,0,66262.60156,0,0,0,12614.2002,609109,0
Plate6_V4_GA11_01_16913,61.5247,-48.1802,0.6059,0.6,36178.10156,0,2230.26001,41936.39844,0,23681,14725.40039,0,0,0,8339.679688,18091.59961,0,102107,17144.5,6420.689941,0,0,0,6619.109863,130404,0
Plate6_V4_GA12_01_16938,61.0172,-49.5628,0.4539,0.6,15794.2998,0,0,0,0,0,0,0,0,0,0,0,0,0,0,99535.70313,0,0,0,4601.160156,2346.429932,0
Plate6_V4_GA5_01_16906,62.5582,-50.2665,0.6881,0.6,24969.90039,0,3913.879883,107730,46352.30078,5450.640137,12169.2002,0,0,0,15857.5,13534.5,0,119457,0,6208.390137,2251.649902,0,0,23340.40039,857743,0
Plate6_V4_GA6_01_16907,62.6834,-49.2924,0.3146,0.6,13521,0,3357.790039,294356,77369.5,0,7784.060059,0,0,0,18106.09961,16920.90039,0,102481,0,13421.2002,13679.59961,4748.27002,0,82401.60156,3569270,0
Plate6_V4_GA7_01_16908,63.1166,-48.2079,0.7857,0.6,27314.09961,0,0,114248,86408,0,8873.30957,2150.719971,0,0,14385.2998,9328.049805,0,54676.39844,0,20962.90039,5360.060059,0,0,30057,1010540,0
Plate6_V4_GA8_01_16909,62.2079,-48.3081,0.5123,0.6,26247.09961,0,2631.199951,57438.19922,33160.19922,11033,14919.09961,0,1841.099976,0,9208.969727,19160.5,0,84053.29688,0,7698.100098,0,0,0,14885.2002,311226,0
Plate6_V4_GA9_01_16910,61.7198,-49.2104,0.5617,0.6,9373.259766,0,2616.300049,36744.89844,0,9093.980469,2890.719971,0,0,0,7089.839844,7314.509766,0,53128.80078,8846.389648,4823.22998,0,0,0,9147.339844,260895,0
Plate6_V4_GB10_01_16926,60.2254,-45.6031,0.4746,0.6,34161.60156,0,11094.90039,210064,100864,3732.790039,27913.90039,8560.379883,0,0,12334.7998,13117.59961,0,75938,0,0,14490.59961,4764.290039,0,48254.30078,619212,0
Plate6_V4_GB11_01_16927,60.3259,-44.2458,0.8682,0.6,0,0,5949.049805,162987,95522.39844,0,13709.09961,5571.240234,0,0,18661.90039,14582.7002,0,88328.29688,0,0,0,9712.509766,0,32665.80078,721763,0
Plate6_V4_GB12_01_16928,61.5054,-44.5362,0.9753,0.6,0,0,3551.379883,223430,74634.70313,0,14380.7002,11563.90039,0,0,19552.59961,9702.929688,0,86977.60156,0,38093.19922,0,4864.430176,0,70512.20313,1914390,0
Plate6_V4_GB1_01_16917,60.8944,-47.9301,0.5632,0.6,8401.969727,0,4853.740234,31481.69922,9921.669922,12652.7002,10228.40039,0,0,0,18746.09961,13075.90039,0,113628,6310.819824,11743.09961,0,0,0,7546.299805,86640.29688,0
Plate6_V4_GB2_01_16918,60.6394,-48.9879,0.3678,0.6,35385.69922,0,4959.129883,95186.60156,18653.59961,5127.200195,10668.2002,0,0,0,13227.2998,11943.7002,0,102607,0,0,0,0,0,17153.5,506872,6371.140137
Plate6_V4_GB3_01_16919,60.351,-47.566,0.481,0.6,12644.2998,0,2358.600098,25547.59961,0,0,12440.59961,1505.109985,0,0,13533.40039,14904,0,90135.89844,0,52155.30078,0,0,0,4011.199951,134712,0
Plate6_V4_GB4_01_16920,60.2579,-48.2998,0.1795,0.6,8128.299805,0,6305.299805,38629.39844,0,4995.600098,12026.7002,0,0,0,10152.2002,12074.09961,0,78058.79688,0,59614.5,0,0,0,9515.679688,272806,0
Plate6_V4_GB5_01_16921,59.8057,-46.5124,0.4361,0.6,0,0,2995.669922,29306.90039,0,7363.580078,10845.59961,0,0,0,8951.990234,13817,0,126779,0,65734.39844,4191.069824,3468.810059,0,5903.350098,73081.70313,0
Plate6_V4_GB6_01_16922,61.6055,-46.9069,0.4425,0.6,5885.029785,0,2541.840088,114568,38973.80078,0,12242.2002,0,0,0,16573.40039,16236.59961,0,88025.70313,4186.879883,19311,0,10160.7002,0,68478.5,1674400,9193.389648
Plate6_V4_GB7_01_16923,63.123,-46.91,0.5934,0.6,12067.2998,0,2388.790039,136511,87963.79688,11045.2998,21634.90039,5181.930176,0,0,16560.09961,15982.90039,0,75203.29688,0,38347.19922,12662,8276.820313,0,19915.09961,460291,0
Plate6_V4_GB8_01_16924,62.7315,-45.5113,1.2867,0.6,7549.399902,0,1788.47998,34376.19922,59641.60156,0,2725.570068,0,0,0,12394.90039,9095.360352,0,34641,6674.109863,24177.59961,10366.59961,0,0,11508.09961,15757.2998,0
Plate6_V4_GB9_01_16925,61.5378,-45.8361,0.7395,0.6,5087.169922,0,3285.929932,204243,89915.29688,0,12868.7998,7023.25,0,0,15150,14449.5,0,87951.29688,14707,31754.5,33023.19922,8285.209961,0,18482.69922,120861,0
Plate6_V4_GC10_01_16889,63.9088,-44.1829,74.9164,0.6,32857.5,0,11462.7998,55203,59620.39844,6457.890137,316115,0,97881.20313,14735.7002,16211.40039,107353,0,491154,0,77877.79688,0,35796.80078,10605.7998,12064.7998,50491.30078,1629.609985
Plate6_V4_GC11_01_16942,64.6572,-44.9263,74.6163,0.6,15894,0,34404.5,38150.19922,126957,12331,166419,0,41864.89844,11727.7002,15812.2998,85941.29688,0,70369.89844,0,40919.60156,23670.69922,113342,0,4737.939941,36300.39844,0
Plate6_V4_GC12_01_16943,63.1672,-44.5344,74.173,0.6,8762.959961,0,8679.150391,43495,26796.19922,4440.069824,183874,0,66736.5,16492.40039,17664,60087.60156,0,488011,7566.709961,68163.10156,15128.40039,13628,0,7243.419922,23510.09961,0
Plate6_V4_GC1_01_16929,62.6255,-44.2071,1.6994,0.6,0,0,4131.189941,145791,130117,5332.209961,15805.5,10737.09961,0,0,17125.09961,11891.09961,0,67670.5,6685.410156,38332.60156,8776.55957,0,0,27520.5,429207,0
Plate6_V4_GC2_01_16930,61.4655,-43.2021,1.0756,0.6,0,0,5608.339844,282722,59281.60156,6804.620117,11720.5,5950.779785,0,0,15423.7002,12161.09961,0,80649.79688,0,32523.90039,9858.469727,0,0,50714.60156,1326960,0
Plate6_V4_GC3_01_16931,60.3882,-42.489,1.1317,0.6,57199.60156,0,2965.820068,41362.19922,63127.89844,8705.75,11402.7998,3673.209961,0,0,12520.7002,8357.19043,0,79286.29688,0,14226.09961,0,0,0,0,122961,0
Plate6_V4_GC4_01_16932,62.411,-42.3982,1.6825,0.6,42568.30078,0,1670.23999,118360,156364,21717,12506.2002,8010.140137,0,0,9592.030273,12305.7002,0,71525.60156,0,28627.09961,6280.560059,0,0,6266.490234,80269.29688,0
Plate6_V4_GC5_01_16933,61.3639,-41.7147,1.0661,0.6,31262.59961,0,5216.810059,59436.10156,85280.10156,8393.219727,9730.459961,6362.790039,0,0,14434,10577.7998,0,105280,0,66558.60156,13425,0,0,41450.30078,1436600,2922.219971
Plate6_V4_GC6_01_16934,60.385,-41.1845,1.181,0.6,0,0,2989.469971,53632.60156,93778.79688,15986.40039,12542.7998,8519.339844,0,0,19858.5,7387.930176,0,93455.20313,0,29596.40039,0,0,0,29091,368484,0
Plate6_V4_GC7_01_16935,61.2318,-39.9969,1.2276,0.6,34577.39844,0,2804.189941,31671.69922,61378.19922,0,7177.180176,4254.450195,0,0,11454.5,12818.7002,0,92657.70313,0,0,0,0,0,26647.09961,681482,0
Plate6_V4_GC8_01_16936,62.0378,-41.0813,1.1134,0.6,35576.39844,0,2612.209961,60553.5,0,4971.02002,12671,5736.649902,0,0,17603.5,18178.90039,0,94680.79688,5558.839844,6403.810059,0,0,0,25701.09961,3039530,0
Plate6_V4_GC9_01_16941,64.6371,-43.5375,75.3524,0.6,14306,0,8592.320313,31397.5,0,3047.959961,115953,0,22759.09961,8271.219727,19954.59961,57112,0,352422,0,39024.30078,4924.25,10628.5,0,13681.7002,15246.2998,0
Plate6_V4_GD10_01_16953,64.7968,-46.8088,69.8322,0.6,0,0,8277.009766,5922.759766,0,17296.69922,36473.89844,0,2467.629883,0,8000.629883,23340.19922,0,120081,0,14015.2998,2983.51001,33989.30078,0,5809.290039,9539.580078,0
Plate6_V4_GD11_01_16954,64.6166,-46.1301,69.1186,0.6,0,0,10437.59961,9339.599609,0,0,44154,0,9152.259766,0,14372,35136.30078,0,70954,0,16786.19922,17964.09961,22780.30078,0,12183.90039,25912,0
Plate6_V4_GD12_01_16955,64.294,-45.8105,69.475,0.6,14617.7998,0,12174.09961,8919.650391,0,5337.959961,115555,0,46684,10137.2998,18181,40300.80078,0,141759,0,30987.69922,0,135090,0,17360.09961,20146.59961,0
Plate6_V4_GD1_01_16944,64.1268,-45.1035,74.2253,0.6,10529.90039,0,14101.59961,14715.2002,0,8403.099609,125563,0,17820.19922,0,24320,27612.09961,0,183667,0,0,8308.25,37227.19922,0,7315.72998,20545.59961,0
Plate6_V4_GD2_01_16945,62.877,-44.6571,73.581,0.6,26520.30078,0,37413.39844,97538.60156,71223,14555.90039,272871,0,34106.89844,13274.40039,25713.80078,104731,0,48383.60156,0,25048.40039,0,74502,28127.90039,8824,31258.90039,0
Plate6_V4_GD3_01_16946,64.7232,-45.5333,73.6105,0.6,0,0,41417.60156,25346.19922,0,9300.169922,118372,0,13787,8540.660156,26164.80078,42374.80078,0,138517,0,27757.19922,0,192601,0,7999.290039,15987.7002,0
Plate6_V4_GD4_01_16947,62.8343,-44.9102,72.6781,0.6,0,0,23719.69922,25020.59961,0,6296.080078,140139,0,8541.580078,0,19081.19922,40787.60156,0,176058,0,12860.09961,0,52328.80078,0,3726.060059,19544.5,0
Plate6_V4_GD5_01_16948,63.9592,-45.553,73.2291,0.6,0,0,26949.40039,17741.80078,40049,6100.220215,130224,0,14476.40039,8795.150391,13489.7002,49244.39844,0,158724,6226.890137,18922.5,0,172786,0,3339.419922,10584.90039,0
Plate6_V4_GD6_01_16949,64.4833,-45.8342,72.5813,0.6,0,0,29165.5,23409.40039,25582.80078,7037.27002,100692,0,5704.299805,8634.580078,13671.59961,39652.10156,0,32168.90039,0,0,23255.69922,94781.60156,0,6964.350098,23812.09961,0
Plate6_V4_GD7_01_16950,64.7858,-45.9752,72.0572,0.6,10330.59961,0,23536.30078,15137.7998,0,5943.129883,126063,0,10945.2002,3618.790039,13736.59961,37532.5,0,133105,0,14951.5,0,95724.89844,0,5508.899902,16282.59961,0
Plate6_V4_GD8_01_16951,64.7867,-45.9574,71.252,0.6,18744.59961,0,10586.5,12375.7002,6332.040039,0,62727.69922,0,0,0,11961.7002,31956.69922,0,15891.2998,13228.2998,11491.5,5095.680176,16208.7002,0,125697,18964.80078,0
Plate6_V4_GD9_01_16952,64.7965,-46.2791,70.5495,0.6,43938.10156,0,9268,12035.40039,0,0,70157.10156,0,0,0,13443.2002,33609.30078,0,80265.70313,6852.580078,14061.40039,4514.410156,14514.2998,0,3304.5,23021,0
Plate6_V4_GE10_01_16893,63.7428,-45.6197,70.1932,0.6,18805.80078,0,7264.649902,12680.7998,0,0,25267.90039,0,0,0,10139.5,25322.30078,0,100225,0,9510.490234,0,16310.40039,0,8555.900391,19597.09961,1948.140015
Plate6_V4_GE11_01_16895,63.3237,-45.5132,69.4719,0.6,15059.59961,0,9725.669922,14434.7998,0,0,28402.90039,0,1194.47998,0,14878.2002,20323.5,0,60851.5,18597.59961,12338.40039,0,16001.90039,0,5326.810059,38671.89844,0
Plate6_V4_GE12_01_16896,63.8994,-45.7125,69.1737,0.6,36064.19922,0,33875.89844,30589.19922,0,10918.59961,38401.39844,0,0,0,25850.90039,31134.40039,0,51853.5,9880.509766,13068.7998,0,17766.19922,0,10803.59961,45278.19922,0
Plate6_V4_GE1_01_16958,64.4704,-45.9507,70.3718,0.6,8343.879883,0,6407.310059,4604.47998,0,0,45644.5,0,0,0,14594.5,28577.69922,0,138226,0,0,2452.139893,28962,0,188153,7909.600098,0
Plate6_V4_GE2_01_16959,64.3994,-45.5516,71.0368,0.6,44327.19922,0,3954.860107,3003.570068,0,0,15778.09961,0,0,0,15318.59961,17491.19922,0,132789,0,85281.60156,0,6813.689941,0,104011,8097.910156,0
Plate6_V4_GE3_01_16960,63.9532,-45.6153,71.5439,0.6,2418.600098,0,7180.330078,5062.680176,0,0,17219.40039,0,0,0,10161.90039,18680.40039,0,30845.80078,0,81666.60156,0,11477.2002,0,4934.100098,6548.339844,0
Plate6_V4_GE4_01_16961,63.3109,-45.5613,71.6001,0.6,15797.5,0,8705.269531,5453.560059,0,27452,14326.90039,0,0,0,9126.549805,16176.5,0,34903,7093.209961,2925.679932,3320.47998,8104.359863,0,9663.419922,14381.2998,0
Plate6_V4_GE5_01_16962,62.9086,-45.1561,71.1062,0.6,0,0,3426.300049,0,0,0,10904.7998,0,0,0,11195.7998,11209.59961,0,76904.29688,0,2731.669922,0,6811.359863,0,3372.25,8750.25,0
Plate6_V4_GE6_01_16963,63.3506,-45.4241,70.6235,0.6,27058.59961,0,2163.219971,3594.75,0,0,20084.59961,0,0,0,21744.59961,18534.59961,0,28353.90039,0,0,0,0,0,0,7583.609863,0
Plate6_V4_GE7_01_16890,64.0058,-45.5,70.6848,0.6,6639.009766,0,4686.609863,0,0,8542.620117,11920.7998,0,0,0,12276.2998,19583,0,63484.89844,0,0,0,9173.25,0,24139.59961,4354.109863,3259.219971
Plate6_V4_GE8_01_16891,62.7717,-45.0397,70.6495,0.6,15280.2002,0,19332.19922,12013.90039,0,3750.73999,35772.69922,0,6060.089844,0,16778.09961,21926.80078,0,102244,0,8090.140137,7126.649902,11664.09961,0,12548.2002,22832.09961,0
Plate6_V4_GE9_01_16892,63.0595,-45.4022,69.9857,0.6,6301.720215,0,14732.2998,17322.59961,0,0,31339.19922,0,10427.2002,0,12216.2998,34103.5,0,108592,0,9608.160156,0,13545.5,0,9448.860352,26869.80078,0
Plate6_V4_GF10_01_16973,64.5564,-46.0001,67.0656,0.6,0,0,15716.7998,13756.90039,0,4675.120117,55634.19922,0,6270.910156,0,14160.7002,30983.80078,0,18482.69922,0,14917.59961,0,49135.60156,0,12720.5,48422.30078,0
Plate6_V4_GF11_01_16974,63.6474,-45.302,67.4004,0.6,30941.69922,0,20682.09961,14454.59961,0,7984.52002,33250.89844,0,4310.839844,0,18417.59961,25207.40039,0,3425.810059,0,12394.40039,12047.7998,19704.59961,0,10149.5,32849.10156,0
Plate6_V4_GF12_01_16975,64.6429,-43.4061,65.9138,0.6,0,0,17889.30078,20161.09961,0,6954.370117,151212,0,97184.29688,7475.759766,28585.40039,100172,0,70942.60156,0,20631.5,10990.7002,28345,0,16843.30078,13621.09961,0
Plate6_V4_GF1_01_16964,63.3663,-45.4617,68.8491,0.6,12516.2998,0,12363.5,6436.470215,0,17637.5,17456,0,0,0,12579,15085.7002,0,31000.09961,0,11751,7791.740234,12879.40039,0,5838.930176,17017.69922,0
Plate6_V4_GF2_01_16965,63.3812,-45.3429,68.1904,0.6,0,0,31214.19922,24082.30078,0,4955.859863,75324.89844,0,14412.09961,0,19038.69922,31219.69922,0,7594.02002,10711,12683.2998,0,60021.60156,0,11559,35314.60156,0
Plate6_V4_GF3_01_16966,63.8187,-45.7331,68.4095,0.6,0,0,19126.90039,16093.2002,0,12243.90039,23960,0,2341.919922,0,11724,50238.80078,0,50806.39844,0,11549.59961,0,20445.5,0,4758.009766,9896.740234,0
Plate6_V4_GF4_01_16967,64.3532,-46.1819,68.6046,0.6,33735.39844,0,5426.089844,0,40780.10156,9308.75,12834.2998,0,0,0,11257.09961,18740.90039,0,16057.40039,4606.740234,8113.689941,0,5730.910156,0,6941.370117,40926.19922,0
Plate6_V4_GF5_01_16968,64.7396,-46.3912,68.6349,0.6,0,0,3146.459961,0,0,0,19656.90039,0,0,0,8727.379883,21962.30078,0,36268.80078,0,8583.830078,0,13260.90039,0,4094.169922,7398.910156,12039.7998
Plate6_V4_GF6_01_16969,64.3579,-46.1073,68.1799,0.6,0,0,6293.629883,0,16793.80078,12898.2002,15022.59961,0,0,0,11276.40039,11100.2998,0,97753.79688,0,6515.200195,0,6385.560059,0,5631.390137,12477.59961,0
Plate6_V4_GF7_01_16970,64.745,-46.2957,68.136,0.6,6436.290039,0,6119.209961,0,0,14182.09961,20800.40039,0,2223.149902,6719.870117,8906.990234,27120.19922,0,77733.79688,0,9720.730469,0,6361.589844,0,6312.910156,0,0
Plate6_V4_GF8_01_16971,64.2488,-45.8388,67.5872,0.6,38705.19922,0,21211.90039,20303,0,5301.359863,36242.5,0,0,0,12386,25868.69922,0,7173.299805,0,26466.90039,33979.39844,36974.69922,0,5627.700195,31307.19922,0
Plate6_V4_GF9_01_16972,64.736,-46.0078,67.4994,0.6,11682.2002,0,21249.09961,10467.2002,0,22265.19922,67851.10156,0,11063.09961,0,9044.980469,37503.39844,0,54034.10156,0,9161.679688,15248.09961,112659,0,4640.509766,8929.099609,0
Plate6_V4_GG10_01_16989,61.8861,-41.8639,69.2288,0.6,74299.10156,0,7352.680176,48546.69922,0,8907.910156,62765,0,5863.790039,0,22492,22841.5,0,24627.30078,0,9287.389648,7264.069824,54192,0,14741,55101.60156,0
Plate6_V4_GG11_01_16990,61.6511,-41.2685,69.8132,0.6,0,0,4106.819824,26900.19922,0,5218.870117,65400.60156,0,6437,0,17585.59961,21242.09961,0,64261.60156,5798.279785,0,0,30110.80078,0,14296.2998,21260.19922,0
Plate6_V4_GG12_01_16991,61.8432,-41.6607,70.1112,0.6,15071.5,0,6094.240234,9489.509766,0,3317.889893,90914.79688,0,10171.59961,0,24510.5,41830.80078,0,7285.799805,4742.370117,22554.5,0,31161.80078,0,15371.7998,6233.75,0
Plate6_V4_GG1_01_16978,63.8077,-42.9141,66.2883,0.6,17092.69922,0,18381,22330.90039,0,9821.360352,133054,0,34524.80078,5993.040039,22436.80078,72585.60156,0,15028.7002,0,15360.5,0,43807.80078,0,7905.680176,41301.60156,0
Plate6_V4_GG2_01_16979,62.8048,-44.0379,67.7375,0.6,29093.30078,0,17352.80078,12608.5,0,19613.19922,44946.80078,0,3054.72998,0,12866.5,17456.69922,0,98362.60156,0,10895.90039,5504.439941,49663.10156,0,4794.930176,13667.2998,0
Plate6_V4_GG3_01_16980,62.4766,-42.8514,68.283,0.6,13472.2998,0,72592.10156,40445.80078,5766.660156,0,170579,0,31239.59961,10972.09961,33377.10156,48461,0,132491,0,15755,0,92681.29688,0,17180.59961,33292.60156,0
Plate6_V4_GG4_01_16981,62.2332,-43.0041,69.8778,0.6,24031.5,0,10202.09961,6954.709961,0,28119.40039,36369.10156,0,0,0,14800.2998,10611.59961,0,43599.39844,0,7569.660156,7259.029785,45947,0,4457.799805,12028,0
Plate6_V4_GG5_01_16988,62.275,-43.8932,71.1188,0.6,0,0,47214.60156,61500.60156,0,7352.839844,136315,0,17891.40039,10112.2998,37134.80078,68811.89844,0,36849.10156,4878.169922,17503.90039,0,80967.39844,0,10882.2002,21370.80078,0
Plate6_V4_GG6_01_16983,62.1094,-42.7942,71.7991,0.6,0,0,16534.09961,10639.59961,0,22005,56740.30078,0,6484.759766,0,11738.90039,23678.90039,0,7822.240234,0,15353.5,8949.419922,57678.5,0,10043.90039,22327,0
Plate6_V4_GG7_01_16984,62.6026,-44.0898,68.8583,0.6,0,0,22473.90039,81984.89844,25434.30078,5424.990234,230049,0,53295.39844,10025.7002,23064.30078,62640.69922,0,78263.20313,0,39251.80078,7868.709961,36222.80078,0,15953.5,18317.19922,0
Plate6_V4_GG8_01_16985,61.9832,-42.1072,70.7717,0.6,23563.30078,0,39868.60156,134593,29235.90039,14186,220867,0,54091.80078,8332.469727,25933.19922,59482.89844,0,283800,11700.7002,45390.5,0,17562.69922,0,11331,24420.59961,0
Plate6_V4_GG9_01_16987,61.8965,-41.9508,69.9805,0.6,0,0,13234.7998,27670.09961,0,8597.709961,80771.60156,0,0,0,11705.90039,32420.40039,0,87124.10156,20037.09961,6641.899902,6053.419922,56079.30078,0,12910.40039,12547.40039,0
Plate6_V4_GH10_01_17003,62.6314,-38.8323,72.5159,0.6,0,0,5135.370117,34762.69922,11353.7002,0,190406,0,23162.40039,9885.69043,29206.09961,74601.29688,0,443618,0,35213.5,0,24601.09961,0,10827.7998,11093,0
Plate6_V4_GH1_01_16994,61.7924,-41.6596,70.5326,0.6,88653.89844,0,15212.59961,18242.80078,0,5824.279785,96578.20313,0,8514.709961,0,16786.59961,55339.80078,0,278203,3011.800049,15757.7998,12109.90039,44715.30078,0,0,5916.930176,0
Plate6_V4_GH2_01_16995,61.5504,-41.2982,70.87,0.6,0,0,7689.379883,22260.59961,0,0,50768.10156,0,3062.050049,0,13185.7002,26263.69922,0,155474,0,28960.30078,4902.709961,48139.19922,0,19391.30078,18872.59961,0
Plate6_V4_GH3_01_16996,62.4145,-43.8812,73.0458,0.6,0,0,17082.30078,22342.40039,19040.59961,11363.09961,131399,0,24968.90039,0,16704.90039,45932.19922,0,263176,5195.470215,24511.40039,9991.089844,50496.60156,0,8179.370117,6785.939941,0
Plate6_V4_GH4_01_16997,62.7762,-43.7023,74.2785,0.6,0,0,28819.09961,45762.80078,19838.69922,36180.19922,267926,0,32029.5,9431.610352,17350.5,42169.69922,0,285421,32007.30078,50039.89844,0,114409,0,18280.09961,19183.19922,0
Plate6_V4_GH5_01_16998,63.5052,-42.6453,75.22,0.6,0,0,13924.59961,60177.89844,29229.09961,15479.5,205621,0,76911.60156,18202.69922,17846.59961,110982,0,529618,13464.2998,65482.60156,0,29030,0,11611.2998,30101,0
Plate6_V4_GH6_01_16999,62.2419,-42.2599,73.9003,0.6,0,0,11752.7998,75505.29688,28287.09961,0,320355,0,22539.30078,14688.40039,22817.40039,74600.10156,0,550725,4004.350098,77558.5,11724.7998,32844.80078,14073.2998,13753.2002,24674.09961,3436.889893
Plate6_V4_GH7_01_17000,63.2769,-40.8428,75.05,0.6,0,0,6262.529785,100287,24848.19922,11477.2998,206109,0,126883,15935.90039,19055.19922,132317,0,519782,0,136232,21810.59961,13992.59961,0,13821,26591.30078,0
Plate6_V4_GH8_01_17001,63.1782,-39.1987,74.1653,0.6,0,0,6378.839844,57371.39844,26312.90039,0,116770,0,32204.5,4408.930176,18852.59961,62864.60156,0,227559,7100.330078,111357,3432.48999,35566.69922,0,4668.290039,31202.90039,0
Plate6_V4_GH9_01_17002,61.8606,-41.3356,72.6385,0.6,38921.39844,0,8618.570313,38146.60156,0,5453.560059,162650,3365.23999,51360.80078,15689.7002,22087.59961,87748.5,0,445859,0,0,0,27725.19922,0,5014.950195,13411.40039,0
Plate7_V4_GA10_01_17018,62.8534,-41.0863,66.9528,0.6,5487.299805,0,31843.69922,32994.19922,9585.849609,2557.929932,162068,0,170260,10800,18315.5,80263.79688,0,52400.89844,0,15948.7998,0,28107.30078,0,23291.69922,30099.40039,0
Plate7_V4_GA11_01_17019,62.8753,-39.8744,65.975,0.6,0,0,8221.660156,34242.30078,4256.700195,5914.680176,183742,0,11886.90039,5831.569824,16947,59224.60156,0,379900,9269.620117,15643.40039,0,69165.89844,0,21676.19922,24330.69922,0
Plate7_V4_GA12_01_17020,62.847,-41.2056,65.7335,0.6,18770.40039,0,10880,26006.5,3922.76001,0,105805,0,44887.10156,0,0,30986.90039,0,276787,0,9988.009766,9374.669922,52584.19922,0,34356.19922,25453.19922,0
Plate7_V4_GA5_01_17013,62.3868,-39.3017,70.7821,0.6,15384.5,0,8887.910156,168614,0,9252.740234,251016,14194.40039,4235.839844,13371.5,38650.39844,140453,0,519849,10887.2002,25597.5,10009.2002,14289.7002,0,11893.2998,16391.5,0
Plate7_V4_GA6_01_17014,62.5872,-40.1747,69.0122,0.6,12669.2002,0,11228.2998,64053.10156,15016.7998,9850.19043,183407,0,5485.540039,301000,21592.59961,70639.10156,0,335872,82582.70313,0,2012.130005,43951.19922,0,11015.7002,25789.5,0
Plate7_V4_GA7_01_17015,62.6255,-41.7632,68.5018,0.6,0,0,8908.709961,25138.30078,0,6408.080078,153068,0,23932.90039,4477.5,0,39747.39844,0,364870,0,18887,3610.610107,36388.60156,8653.360352,9252.209961,18295.09961,0
Plate7_V4_GA8_01_17016,62.7072,-40.9285,67.9382,0.6,0,0,10662.09961,73464.20313,0,26709.59961,207371,0,109467,8811.900391,16431.5,67156.5,0,398862,10777.90039,12446.09961,0,17607.90039,0,8610.839844,16631.80078,0
Plate7_V4_GA9_01_17017,62.9963,-39.9672,67.1929,0.6,0,0,0,0,0,0,18538.19922,0,8805.679688,0,5259.720215,15000,0,54638.80078,0,6908.660156,0,6983.5,0,2892.550049,0,0
Plate7_V4_GB10_01_17033,61.559,-46.5353,50.7832,0.6,14146.90039,0,3373.149902,0,0,0,24464.19922,0,0,0,20528.30078,20081.19922,0,96974,4966.330078,20676.80078,0,9029.490234,0,19708.30078,25102.90039,0
Plate7_V4_GB11_01_17034,63.9813,-47.2989,51.8088,0.6,0,0,3890.459961,39084.30078,0,0,18608.5,0,0,0,17886.69922,12028.5,0,85844.29688,0,16226.59961,8887.150391,8109.390137,0,16313.90039,19296.09961,0
Plate7_V4_GB12_01_17035,61.6899,-46.4013,49.3166,0.6,0,0,2499.570068,36668.5,0,0,23614.19922,0,0,0,18207.90039,11854.90039,0,89457.39844,0,15489.2002,0,7358.600098,0,16739.59961,27930.09961,0
Plate7_V4_GB1_01_17023,60.5665,-43.2705,62.8657,0.6,0,0,0,0,0,0,7235.490234,0,0,0,5358.620117,10272.5,0,30780.69922,0,41085,0,0,0,9666.639648,0,0
Plate7_V4_GB2_01_17024,62.4511,-43.9721,62.1022,0.6,7185.919922,0,8588.330078,16004.59961,0,2162.76001,114133,0,54990.19922,0,22210.80078,58982,0,321319,0,9430.919922,7004.350098,79908.5,0,21442.90039,20526.19922,0
Plate7_V4_GB3_01_17025,64.1925,-43.9846,61.7941,0.6,20376.69922,0,12096.7998,0,2359.27002,2338.939941,109623,0,52398.39844,0,15863.7002,46691.30078,0,267761,0,0,7789.060059,66539.5,0,28822.30078,28883.19922,0
Plate7_V4_GB4_01_17026,64.1267,-44.2467,63.9122,0.6,0,0,12356.5,197420,13328.7998,5929.810059,105830,0,96439.60156,12631.09961,62564.39844,63061.19922,0,222429,0,15788.2998,7659.049805,41363.10156,0,26830.59961,17729.30078,0
Plate7_V4_GB5_01_17027,63.9062,-45.1859,60.3563,0.6,37847.80078,0,8799.910156,19172.90039,14643.09961,7625.189941,129999,0,83956.5,10268.59961,17789.19922,57008.19922,0,379991,0,24015.80078,0,51051.60156,0,15780.09961,26357.09961,0
Plate7_V4_GB6_01_17028,61.6285,-46.0923,58.9699,0.6,0,0,4075.199951,36548.19922,0,0,74442.10156,0,54288.80078,0,23215.19922,26143.09961,0,210742,2588.050049,12488.59961,7206.399902,51836.10156,0,18259.09961,12719.59961,0
Plate7_V4_GB7_01_17031,60.1484,-45.292,58.948,0.6,4451.680176,0,1965.569946,72767.29688,0,0,19336.69922,0,0,0,20729.19922,8803.490234,10743.5,65735.5,0,22759.5,20487.30078,20163.90039,0,18961.19922,8752.549805,0
Plate7_V4_GB8_01_17030,63.0513,-46.3698,58.956,0.6,0,0,9595.320313,34091.19922,2647.01001,7570.580078,122611,0,19673.09961,10063.40039,23662.09961,66263.29688,0,351989,16315.7998,14005.5,15047.7998,59457,0,13906.7002,36622.5,0
Plate7_V4_GB9_01_17032,64.5406,-46.3754,58.9056,0.6,0,0,6290.580078,18778.80078,0,7625.509766,169483,0,72272.20313,7382.109863,14942,48755.10156,0,367105,2939.070068,13095.2002,19105.90039,85232.10156,0,14749.40039,18462.09961,0
Plate7_V4_GC10_01_17047,58.4229,-45.7676,37.4608,0.6,9129.44043,0,5353.399902,49322.89844,0,5966.680176,14890.7998,0,0,0,13081.59961,12928.7998,0,68830.20313,17931.5,22212,13358.2998,0,0,34204.80078,16838.09961,0
Plate7_V4_GC11_01_17048,61.82,-45.9695,37.2765,0.6,10016.40039,0,4783.859863,37569,3342.149902,16558.69922,13228.2002,0,0,0,16233,17492.90039,8337.269531,77507.89844,0,16313.2002,0,7786.629883,0,16385.40039,14186.90039,0
Plate7_V4_GC12_01_17049,60.9623,-46.6181,34.5407,0.6,0,0,4244.540039,37968.10156,0,14310.90039,10294.7002,0,0,0,11798.2998,10884.40039,0,64205.30078,0,13165.7002,0,4066.560059,0,22362.09961,18478.30078,0
Plate7_V4_GC1_01_17038,63.9905,-47.1338,50.2032,0.6,9266.679688,0,3366.820068,52643.89844,0,0,18364.90039,0,0,0,29901.80078,15458.09961,0,67170.79688,0,0,12675,13406.2002,0,12763.7002,24419.30078,0
Plate7_V4_GC2_01_17039,62.0144,-46.3305,48.1256,0.6,37183.80078,0,4236.310059,66211,23867.59961,0,13863.5,0,0,0,20260.19922,11149.2002,0,70224.29688,7986.839844,17331.40039,0,0,0,15990.7998,25858.40039,0
Plate7_V4_GC3_01_17040,63.8954,-46.857,48.2734,0.6,0,0,5216.97998,48169.80078,0,4080.899902,14248.59961,0,0,0,19502,11082.7002,6079.02002,79218.70313,0,51157.60156,0,4574.459961,0,10678.40039,15866,7210.779785
Plate7_V4_GC4_01_17041,60.9072,-45.7747,47.079,0.6,42051.30078,0,5454.77002,53093.10156,16834.80078,0,17229.40039,0,11729.09961,0,17071.5,14131.09961,4123.330078,85529.10156,0,14265.5,0,0,0,14010.40039,17211.80078,0
Plate7_V4_GC5_01_17042,64.9312,-46.6105,47.2342,0.6,18457.59961,0,4068.320068,32389.09961,58691.19922,22058.5,24080.69922,0,0,0,13202.7002,23686.19922,21469.80078,83715.70313,2688.790039,33720.30078,1135340,9951.780273,0,6699.430176,45048.39844,0
Plate7_V4_GC6_01_17043,59.4129,-45.1396,43.8707,0.6,0,0,4690.629883,24197.59961,0,5548.049805,18586.59961,0,0,0,18991.30078,11406.09961,0,77627.60156,0,17690.5,0,4471.75,0,11900.59961,26970.30078,0
Plate7_V4_GC7_01_17044,58.8358,-45.3099,41.7319,0.6,10597.09961,0,0,57039.80078,0,5598.580078,14663.40039,0,0,0,10256.7998,8562.900391,0,65230.39844,7383.97998,0,0,8995.580078,0,13581.40039,17564.09961,0
Plate7_V4_GC8_01_17045,60.7048,-45.9814,41.6915,0.6,0,0,3134.639893,50798.19922,13595.59961,10998,14295,0,0,0,13592.7998,10812.7998,8412.900391,81569.39844,0,17697.40039,15753,5235.779785,0,15177.2998,22759.09961,0
Plate7_V4_GC9_01_17046,59.1216,-45.846,40.3946,0.6,0,0,2501.860107,52225.69922,0,6864.140137,13040.5,0,0,0,11001.59961,9513.730469,0,65891.39844,0,17119.19922,14898.59961,7602.359863,0,21492.69922,27502.59961,0
Plate7_V4_GD10_01_17063,60.0602,-43.1286,13.2617,0.6,0,0,5243.77002,70405.10156,0,17707.59961,16264.59961,0,0,0,13710.2998,13211.7002,0,69615.79688,3511.540039,16518,11245.2002,6683.899902,0,24258.5,46902.60156,0
Plate7_V4_GD11_01_17064,62.8868,-42.054,13.016,0.6,0,0,3444.340088,30028,24504.5,6432.600098,14806.40039,0,0,0,16568.19922,12925.40039,0,74817.70313,0,0,1724.97998,7956.22998,0,25736.69922,35419.89844,0
Plate7_V4_GD12_01_17065,61.4559,-43.1657,10.2808,0.6,0,0,6005.160156,42406.60156,0,7091.419922,9553.379883,0,9322.179688,0,16142.90039,11861.59961,0,51994.60156,4151.560059,14399.90039,15007.09961,6124.430176,0,11094.7002,31357.19922,0
Plate7_V4_GD1_01_17061,59.277,-46.2797,32.3281,0.6,0,0,8336.719727,42127.60156,0,4655.589844,15386.40039,0,0,0,19586.19922,10987.59961,0,82140.89844,0,13650.40039,0,0,0,12812,17271.30078,0
Plate7_V4_GD2_01_17053,62.5446,-45.7832,31.9354,0.6,0,0,4408.589844,36018.10156,0,5650.640137,14840.5,0,0,0,19675.09961,13687.09961,0,97501.10156,4839.839844,14560.7002,11716.59961,6226.379883,0,17893.59961,15168.7998,0
Plate7_V4_GD3_01_17054,60.9461,-46.0802,28.9243,0.6,0,0,5358.529785,48884.39844,0,8405.490234,10835.7002,0,0,0,15171.7002,12599.2002,0,96566.39844,0,0,0,4719.080078,0,17175.19922,20030.80078,0
Plate7_V4_GD4_01_17055,59.5576,-45.3839,27.3831,0.6,42484.19922,0,5850.589844,47251.69922,0,10619.09961,17789.19922,0,0,0,10653.09961,13292.09961,0,76394.89844,20942.59961,18024.5,15405.5,5239.640137,0,17242.59961,40591.19922,0
Plate7_V4_GD5_01_17056,62.5171,-45.3548,26.6835,0.6,0,0,4448.120117,67140.89844,0,0,14451,0,0,0,13192.90039,12442,0,73276.39844,0,25072,17625.90039,0,0,17959.69922,39111.80078,0
Plate7_V4_GD6_01_17057,60.7401,-45.475,22.4983,0.6,9455.259766,0,3098.879883,50972.60156,52549.19922,9000.19043,17845.69922,0,0,0,10761.59961,13645.59961,0,109316,0,18576.69922,20083.69922,4501.149902,0,10360.2998,44901.5,0
Plate7_V4_GD7_01_17058,59.5972,-43.0709,18.7534,0.6,0,0,4215.390137,39220.39844,24540.90039,18157.09961,9505.540039,0,0,0,10657.7002,11564.90039,0,48796.10156,0,5023.819824,10723.7002,1843.410034,0,8408.990234,34233.10156,0
Plate7_V4_GD8_01_17060,62.4989,-43.3586,19.1324,0.6,42419.10156,0,16577.30078,31626.09961,16632.5,6304.910156,23300.59961,0,0,0,114944,15654.59961,0,39919.5,6982.029785,30880.90039,17725.59961,0,0,22994.5,52002.30078,3234.26001
Plate7_V4_GD9_01_17062,61.4157,-43.4441,15.3749,0.6,29739.80078,0,5379.649902,28568.90039,0,7783.77002,11934.09961,0,0,0,10349.09961,12463.5,0,89734,0,65801.20313,12441.2002,3078.610107,0,12684.2002,113145,0
Plate7_V4_GE10_01_17078,63.7618,-40.2054,34.7234,0.6,71857.5,0,2931.379883,30652.90039,13632.2998,0,10991.09961,0,0,0,15169.90039,10031.2998,0,69788.10156,0,98837.5,13543.7002,0,0,22900.19922,14137.2998,0
Plate7_V4_GE11_01_17079,63.9122,-44.2403,29.8455,0.6,0,0,4397.419922,17376.40039,0,18348.59961,9881.099609,0,0,0,13085.5,8806.129883,0,81682.70313,0,8806.120117,0,8343.679688,0,9156.19043,7507.720215,0
Plate7_V4_GE12_01_17080,63.1744,-44.9044,28.0546,0.6,0,0,2862.23999,21446.09961,0,21721.59961,15226.2002,0,0,0,11198.2002,14253.5,0,83676.79688,4636.310059,14703.5,10670.09961,0,0,11038.59961,8598.360352,0
Plate7_V4_GE1_01_17068,60.5872,-43.0142,9.0087,0.6,0,0,3187.709961,76812.79688,0,9307.05957,19676.09961,0,0,0,15468.7998,13980.7002,0,90784.39844,0,90039.79688,5589.830078,10619.7002,0,41274.10156,40650,0
Plate7_V4_GE2_01_17069,62.1929,-42.7722,8.2972,0.6,6387.540039,0,5602.180176,53023.30078,33923.69922,0,18338,0,0,0,19877.40039,13102,0,80660.10156,0,32423.90039,0,0,0,42539.5,61365.69922,0
Plate7_V4_GE3_01_17070,60.6116,-42.6215,5.2163,0.6,0,0,4316.680176,51695.39844,18173.59961,7534.209961,16519.09961,0,0,0,8991.490234,16874.40039,0,78798.89844,0,91368.79688,10599.40039,9050.660156,0,20968.09961,56833.80078,0
Plate7_V4_GE4_01_17072,62.2174,-43.162,5.6139,0.6,0,0,5447.189941,66631.10156,0,8039.890137,20799,0,0,0,19080.40039,13225.59961,0,99565.29688,0,45023.69922,0,6343.470215,0,28249.09961,54813.39844,0
Plate7_V4_GE5_01_17073,62.9135,-45.1512,36.623,0.6,0,0,2578.129883,40882,0,12501.2002,12577.40039,0,0,0,15614.2002,14482,0,75645.5,4202.029785,22646,0,0,0,15037,13819.90039,0
Plate7_V4_GE6_01_17074,63.9162,-44.1401,34.8814,0.6,0,0,2537.75,13865.90039,0,10532.5,9588.480469,0,0,0,15661.5,12770.90039,0,76369.5,6002.200195,8339.719727,0,0,0,12477.7002,12662.2998,0
Plate7_V4_GE7_01_17075,64.3925,-42.6405,33.9749,0.6,0,0,2301.120117,22610.40039,9390.660156,4354.709961,10928.90039,0,0,0,12999.2002,12795.2002,0,78333,6875.149902,18810.09961,9846.089844,3572.120117,0,8946.900391,5454.390137,8772.94043
Plate7_V4_GE8_01_17076,64.2088,-38.9376,37.5947,0.6,0,0,4310.220215,11127.40039,0,0,12327.7002,0,0,0,13886.09961,17147.59961,0,86158.60156,0,13688.7002,5370.430176,5594.779785,0,7493.189941,19191.09961,0
Plate7_V4_GE9_01_17077,63.1973,-45.228,31.6156,0.6,0,0,6557.700195,34486.10156,0,20647.59961,11946.7998,0,0,0,10222.59961,13846.7002,0,85028.10156,0,23696.80078,14862.2002,0,0,13330.5,10757.59961,0
Plate7_V4_GF10_01_17092,56.4628,-42.5078,60.7405,0.6,44471.19922,0,2723.22998,59527.39844,33561.69922,0,48313.69922,0,4828.589844,0,20425.59961,16522.30078,0,95790.39844,0,18432.19922,0,35043.89844,0,8335.599609,25123.30078,0
Plate7_V4_GF11_01_17093,56.0255,-42.0729,58.0037,0.6,35783.5,0,2623.01001,49222.69922,29092.30078,0,16707.69922,0,0,0,19062.19922,13656.2998,0,65110.39844,0,17930.5,0,10854.7002,0,10133.5,21535.80078,0
Plate7_V4_GF12_01_17094,57.4631,-41.0677,55.4613,0.6,38682.60156,0,4441.540039,47722.30078,0,0,10184.5,0,0,0,18000.30078,8630.450195,1897.72998,34252.30078,0,8673.480469,8472.799805,5710.240234,0,10803,48177.5,0
Plate7_V4_GF1_01_17083,64.2115,-42.4945,29.7348,0.6,33438.5,0,4042.100098,28363.90039,0,0,12312.2002,0,0,0,11836.90039,12572.40039,0,97950.20313,0,18597.69922,0,0,0,25040.90039,16502.5,0
Plate7_V4_GF2_01_17084,63.733,-44.0168,25.8043,0.6,0,0,3427.939941,25497.09961,2263.820068,16687.5,11161.59961,0,0,0,8919.419922,23160.09961,0,88431.39844,16023.2998,96658.89844,7226.220215,0,0,14825.59961,11949.5,0
Plate7_V4_GF3_01_17085,63.3184,-44.3242,24.5192,0.6,0,0,5353.27002,32151.40039,0,7566.120117,13489.7998,0,0,0,14812,14939.2002,0,81857.79688,6992.859863,25120.30078,0,1501.300049,0,20133.90039,25680.40039,0
Plate7_V4_GF4_01_17086,64.1233,-42.6248,26.8741,0.6,0,0,3240.699951,42900.10156,0,0,18376.19922,0,0,0,13163.2002,19639.40039,0,79735,0,23113.69922,0,8756.849609,0,20087.59961,20038.30078,0
Plate7_V4_GF5_01_17087,63.5631,-43.8435,23.5208,0.6,0,0,5776.120117,41426.60156,15667.7002,0,12896.5,0,0,0,11841.2002,9237.389648,0,95007.89844,0,17755.5,15477.59961,3418.399902,0,15255,31075.69922,0
Plate7_V4_GF6_01_17088,63.9932,-42.6483,24.9631,0.6,0,0,6133.759766,47477.5,0,0,19640,0,0,0,14392.2002,14680.7002,0,79788.29688,8645.049805,33557.89844,0,0,0,16808.19922,24125.30078,0
Plate7_V4_GF7_01_17089,63.6429,-43.3153,22.3643,0.6,27566.90039,0,7068.529785,55343.60156,19160.90039,0,19594.40039,0,9861.429688,0,13672,21175,0,70855.10156,6116.72998,37828.19922,22899.90039,8451.959961,0,10328.2998,78918.60156,0
Plate7_V4_GF8_01_17090,63.6427,-42.9012,25.3145,0.6,0,0,0,21893.69922,0,0,6972.069824,0,0,0,9513.30957,6993.060059,0,36450.80078,14619.5,130482,0,0,0,3984.659912,35273.69922,0
Plate7_V4_GF9_01_17091,57.5961,-42.549,62.9053,0.6,0,0,4789.200195,67172.29688,23620.30078,0,107247,0,35495.5,0,25615.19922,43074.30078,0,210179,4912.25,14179.59961,9992.089844,52353,0,17072,28238.40039,0
Plate7_V4_GG10_01_17106,54.811,-40.437,44.2544,0.6,0,0,5446.720215,28203.09961,0,0,15158.7002,0,0,0,14789.59961,11090.2998,0,75681.29688,0,12226.90039,11863.09961,7056.089844,0,8613.419922,40358.60156,0
Plate7_V4_GG11_01_17107,57.6147,-41.7123,57.9385,0.6,5380.009766,0,1668.52002,66832.60156,14435.2998,0,6541.819824,0,0,0,19268.90039,16259.2998,5305.830078,42925.10156,0,28963.30078,13449.7998,8361.370117,0,19156.80078,10036.09961,0
Plate7_V4_GG12_01_17108,57.7816,-41.736,58.4973,0.6,0,0,0,31496.09961,0,0,5497.120117,0,0,0,20582.5,11229.90039,4714.299805,33820.10156,0,0,7411.459961,5349.919922,0,8215.959961,8273.459961,0
Plate7_V4_GG1_01_17097,56.0201,-42.4248,55.0223,0.6,0,0,5119.910156,30220.80078,2756.389893,0,13180.5,0,0,0,18526.69922,16524.5,0,95309.70313,0,0,0,10970.90039,0,8772.30957,25047.90039,0
Plate7_V4_GG2_01_17098,55.651,-42.413,52.593,0.6,36605.30078,0,7266.399902,45856.69922,13977.7002,0,19905.09961,0,0,0,19919.5,17621.40039,0,103858,1205.01001,10944.2002,0,8150.180176,0,10130.40039,25927.69922,0
Plate7_V4_GG3_01_17099,57.0753,-41.0569,53.6267,0.6,0,0,4907.220215,47742,6475.640137,0,19436.80078,0,0,0,17381.19922,13489.7002,0,72785.5,12208.5,10219.7002,8595.120117,4952.390137,0,14349.7998,29755.59961,0
Plate7_V4_GG4_01_17100,55.4405,-42.6316,50.6687,0.6,41965.69922,0,6678.459961,0,0,0,14607.59961,0,0,0,21738.69922,16683.19922,0,28110.90039,0,18038.19922,15412.09961,11274.2002,0,15151.7998,31590.80078,0
Plate7_V4_GG5_01_17101,56.7674,-41.5091,50.405,0.6,0,0,4484.160156,22653.19922,0,0,13451.90039,0,0,0,14501.7002,22874.69922,0,23856.19922,0,98962.70313,0,15504.2002,0,8216,22542.80078,0
Plate7_V4_GG6_01_17102,56.2388,-41.5105,47.681,0.6,55895.89844,0,7118.660156,22622.69922,0,0,13159.2002,0,0,0,14046.90039,20432.09961,0,26399.09961,0,10187.5,1696.219971,5408.580078,0,9457.44043,34720.60156,0
Plate7_V4_GG7_01_17103,55.3651,-42.2362,47.0722,0.6,16062.2002,0,3733.51001,27787.69922,29055.59961,0,19762.80078,0,0,0,13028.7998,15291.7002,0,24732.80078,5390.97998,7714.97998,0,14693.7002,0,10462.7998,26777.40039,0
Plate7_V4_GG8_01_17104,55.9016,-40.6087,46.6191,0.6,0,0,5580.080078,28796.5,0,0,15090.7002,0,0,0,21953.5,14400.7002,0,27419.30078,0,13732.59961,0,5842.790039,0,13601.7998,31820.09961,4800.180176
Plate7_V4_GG9_01_17105,55.0355,-41.7912,44.8087,0.6,0,0,5996.330078,25480.80078,0,0,19087.80078,0,0,0,16435,14217.7002,0,2667.73999,3863,11036.7998,11566.90039,13261.2002,0,11088.5,32199.69922,0
Plate7_V4_GH10_01_17121,58.0166,-40.5364,57.9201,0.6,0,0,5470.160156,18172.19922,0,10772.09961,7567.100098,0,0,0,20691.40039,7384.189941,19355.30078,62099.5,9832.219727,9216.959961,8031.169922,6670.350098,0,7256.220215,0,0
Plate7_V4_GH11_01_17122,58.2523,-39.5444,57.4668,0.6,0,0,2257.459961,25335.59961,0,9641.269531,9803.929688,0,0,0,25610.40039,7604.299805,15803.59961,25604.19922,0,19931.59961,11034.2002,6773.859863,0,11091.40039,0,0
Plate7_V4_GH12_01_17123,58.864,-40.4761,56.4037,0.6,0,0,3492.060059,41579.39844,13498.2002,0,18887.69922,0,0,0,31692.5,17300,4068.300049,105918,3787.909912,0,0,12823.2002,0,9582.5,17231.40039,0
Plate7_V4_GH1_01_17111,58.1116,-42.0636,58.7465,0.6,0,0,5518.939941,36895.10156,0,28656.69922,5889.22998,0,0,0,11619.90039,4977.970215,7825.450195,57212.60156,0,0,19223.19922,7388.120117,0,0,4039.649902,3335.330078
Plate7_V4_GH2_01_17112,58.4866,-42.3021,58.8718,0.6,0,0,5925.799805,16631,0,16441.90039,32009.5,0,0,0,15858.5,15204.90039,0,104373,0,15094.7998,0,14709.90039,0,24006.69922,12047.90039,0
Plate7_V4_GH3_01_17113,57.8603,-41.0856,58.1187,0.6,0,0,3670.560059,71699.79688,0,5371.169922,4911.589844,0,0,0,22872.80078,11591.7998,8607.540039,32464.30078,4723.5,21729.90039,7112.419922,10334.40039,0,7655.339844,13540,0
Plate7_V4_GH4_01_17114,58.4278,-41.2675,58.2087,0.6,20039.5,0,0,51176.30078,23719.40039,12386.09961,2594.110107,0,0,0,20375.40039,17391,6525.839844,32908.30078,0,31301.69922,7009.910156,7943.759766,0,6486.27002,13200.2002,0
Plate7_V4_GH5_01_17115,58.6936,-41.6748,58.6597,0.6,0,0,0,50652.39844,60952.39844,5930.990234,9278.75,0,0,0,11632.09961,12679.40039,0,44647.89844,0,55303.60156,18216.90039,7486.290039,0,12566.2998,0,0
Plate7_V4_GH6_01_17116,59.1098,-41.8373,59.1042,0.6,0,0,3821.290039,39841.19922,0,12751.7998,8611.259766,0,0,0,29073.40039,6345.689941,31316.90039,47589.69922,0,31319.30078,14324,13363.7998,0,10934.5,15504.90039,0
Plate7_V4_GH7_01_17117,58.8423,-41.0334,57.8428,0.6,0,0,2197.629883,59782.60156,9627.55957,7356.879883,5874.680176,0,0,0,16108.2998,16895.19922,14766,0,0,0,0,5315.97998,0,7772.240234,7238.109863,0
Plate7_V4_GH8_01_17118,59.2351,-41.9406,57.4696,0.6,33288.5,0,3412.97998,70287.39844,24693.90039,6270.850098,10237.59961,0,0,0,26023.40039,8988.519531,13252.5,0,0,0,1683.400024,16289.2002,0,6095.819824,5344.370117,0
Plate7_V4_GH9_01_17119,57.8938,-40.6736,57.0394,0.6,0,0,2365.219971,42784.5,4126.839844,25094.80078,12751.2998,0,0,0,15971.59961,9975.219727,80464.29688,2892.719971,8868.94043,0,13769.90039,8489.259766,0,12693.59961,12885.2002,0
Plate8_V4_GA10_01_17143,62.6895,-38.0319,64.4267,0.6,0,0,10881.90039,18554.69922,14936,6313.290039,256813,0,133305,5701.459961,16128.7998,91479.70313,0,0,3343.060059,0,0,77308.89844,0,14274.2998,30822.19922,0
Plate8_V4_GA11_01_17144,64.3619,-37.5427,62.6216,0.6,0,0,10535.90039,44251.10156,0,16226.5,315615,0,190200,9037.719727,26592.19922,71180.60156,0,0,0,0,0,45656.69922,0,15282.2002,33479.39844,12584.40039
Plate8_V4_GA12_01_17145,60.6633,-37.7897,63.393,0.6,0,0,7916.970215,122282,18071.09961,7907.580078,215667,0,182626,6558.970215,57102.19922,104231,0,0,0,0,0,130990,0,21407,26186,0
Plate8_V4_GA5_01_17138,59.023,-41.9618,55.2676,0.6,0,0,3252.139893,26364.69922,0,22974.59961,23538.80078,0,0,0,15164.09961,17318.19922,0,0,6250.310059,0,10626.09961,9720.290039,0,13115.09961,21583.5,0
Plate8_V4_GA6_01_17139,59.4836,-39.1888,56.3749,0.6,0,0,6660.740234,48959.69922,0,0,30663.30078,0,0,0,18204.30078,33564.10156,0,0,16498.80078,0,15126.7002,11638.7002,0,14154.90039,19191.90039,0
Plate8_V4_GA7_01_17140,59.1784,-41.4451,54.6085,0.6,0,0,5711.649902,38762,0,0,23261.30078,0,0,0,15442.59961,20769.19922,0,0,5783.689941,0,11247.7002,5749.970215,0,15194.90039,23096.19922,4285.680176
Plate8_V4_GA8_01_17141,59.1282,-42.9001,53.8904,0.6,0,0,5145.379883,19041.80078,0,0,14437.59961,0,0,0,14519.90039,28253.69922,0,0,0,0,5863.220215,7231.589844,0,8956.320313,27312.90039,0
Plate8_V4_GA9_01_17142,59.5847,-40.5031,54.7352,0.6,0,0,6086.379883,38627.19922,0,0,20160.59961,0,0,5908.529785,17957.5,21547,0,0,0,0,10673,10065.7998,0,16231.7998,22134.80078,0
Plate8_V4_GB10_01_17157,60.933,-40.0559,52.1283,0.6,0,0,4806.52002,68520.10156,28451.40039,0,73346,0,9874.849609,0,53259.19922,34080.19922,0,0,0,0,3650.449951,30350.80078,0,9843.820313,32326.19922,0
Plate8_V4_GB11_01_17258,62.7604,-39.8335,50.4838,0.6,0,0,5483.060059,63577.69922,0,0,34902.80078,0,0,0,67209.89844,9295.5,0,0,0,0,0,17852.40039,0,0,19209.80078,0
Plate8_V4_GB12_01_17159,64.615,-39.7746,49.702,0.6,0,0,2516.179932,75055,0,0,65631.29688,0,7576.350098,0,54652.19922,43280.60156,0,0,0,0,3587.469971,26139.80078,0,11796.7998,18015.90039,0
Plate8_V4_GB1_01_17148,64.2821,-37.6475,59.4163,0.6,0,0,4292.049805,95755.5,0,17453.09961,348860,0,208700,10872.7998,43061.69922,96764.89844,0,8187.220215,6302.790039,0,17651.5,89967.39844,0,10308.2002,41391.89844,0
Plate8_V4_GB2_01_17149,61.0803,-37.2344,60.3639,0.6,0,0,4943.02002,85038.29688,0,9213.480469,266246,0,203374,10180.59961,40928.89844,89358.70313,0,0,0,16047.2002,0,237433,0,12826.59961,30241.5,0
Plate8_V4_GB3_01_17150,57.6961,-37.7511,61.2791,0.6,0,0,5727.419922,83588.39844,0,16273.09961,176064,0,9070.820313,3013.610107,28176.40039,35001.30078,0,0,0,0,0,43681.80078,0,15979.7002,26940.90039,0
Plate8_V4_GB4_01_17151,64.4137,-38.331,55.8888,0.6,0,0,9448.160156,86073.10156,0,10866.90039,224888,0,151233,9610.75,49593.10156,92095.70313,0,0,0,0,0,97631.5,0,14161.59961,18783.80078,0
Plate8_V4_GB5_01_17152,59.5262,-38.2663,58.1434,0.6,0,0,7709.72998,60231.69922,0,0,147622,0,39126.80078,6194.529785,48182.89844,51070.30078,0,0,13673.5,8128.080078,9619.219727,59552.80078,0,14563.40039,14618.40039,0
Plate8_V4_GB6_01_17153,61.8606,-38.2625,57.1418,0.6,0,0,6186.430176,59773.80078,18630.30078,4352.290039,137646,0,29801.30078,3505.469971,37159.89844,31509.19922,0,0,0,0,0,83142.39844,0,10090.09961,21664,0
Plate8_V4_GB7_01_17154,62.8389,-38.8825,54.2629,0.6,0,0,5319.399902,92156,27662.40039,9645.80957,199666,7892.759766,33586.89844,5870.669922,34242.30078,58693.19922,0,0,0,0,0,68489.79688,0,4856.040039,34756.19922,0
Plate8_V4_GB8_01_17155,60.522,-39.4003,54.8212,0.6,0,0,5622.560059,71166.10156,33125.10156,0,98592.60156,0,7213,0,33870.10156,22280,0,0,6313.879883,0,18381.59961,35815.80078,0,13154.7002,34547.19922,0
Plate8_V4_GB9_01_17156,64.3799,-39.3721,52.442,0.6,0,0,4278.22998,62229.10156,23744.5,0,110668,0,16769.5,0,44825.80078,32857.19922,0,2675.830078,0,10837.59961,10141.09961,59096.39844,0,9647.480469,23027.09961,7854
Plate8_V4_GC10_01_17259,61.25,-37.5991,39.4418,0.6,0,0,5896.910156,52009.89844,50689.80078,0,11780,0,0,0,27583.80078,10227.2002,0,0,0,0,0,9639.450195,0,11426.7998,23011.19922,0
Plate8_V4_GC11_01_17172,60.7467,-38.4601,36.5534,0.6,0,0,3455.429932,22842.19922,57575.60156,0,10196.5,0,0,0,9744.740234,12317.7998,0,0,0,0,15311.7002,0,0,67283.89844,54849.5,0
Plate8_V4_GC12_01_17173,63.1901,-38.8001,36.6779,0.6,0,0,14649,25869.69922,65576.29688,13100.09961,8029.529785,0,0,0,16123.7002,10327.90039,0,0,0,0,17790.09961,9345.030273,0,73310.70313,147453,6654.700195
Plate8_V4_GC1_01_17162,63.2543,-39.7623,47.5667,0.6,0,0,5234.72998,81177.5,51904.89844,0,59998.10156,0,11297.2002,0,36179.19922,39822.69922,0,0,0,12286.09961,2824,35898.60156,0,18313.40039,29549.40039,0
Plate8_V4_GC2_01_17163,61.0906,-40.9456,48.2738,0.6,0,0,4027.72998,65783.10156,0,0,19674.40039,0,0,0,23991.59961,16224.09961,0,0,0,0,17354.5,7609.939941,0,19385.5,15487,4200.359863
Plate8_V4_GC3_01_17164,61.8221,-39.3698,45.836,0.6,0,0,2452.969971,49374.89844,38713.89844,9155.169922,22298.80078,0,0,0,25211,15108.7998,0,0,0,0,22631.30078,8651.860352,0,26481.80078,20513.30078,0
Plate8_V4_GC4_01_17165,59.6198,-40.5094,44.7077,0.6,0,0,2677.050049,33905,39307.19922,6610.279785,20649.40039,0,0,0,19946.09961,18274.5,0,0,0,0,16376.7002,12080.5,0,12735.7998,22303.5,4518.120117
Plate8_V4_GC5_01_17166,58.9922,-40.9243,42.5179,0.6,0,0,5046.490234,52406.39844,0,9434.540039,24458.59961,0,0,0,15594.90039,13297.90039,0,0,0,0,16013.40039,11894.09961,0,14319.90039,15180.09961,0
Plate8_V4_GC6_01_17167,58.7234,-40.3926,39.9073,0.6,0,0,3414.25,53762,0,7974.919922,14298.59961,0,0,0,17907,9243.650391,0,0,0,0,0,5949.529785,0,21239.30078,20122.40039,0
Plate8_V4_GC7_01_17168,58.8464,-39.8204,37.0501,0.6,0,0,5138.620117,69249.10156,0,0,14538,0,0,0,16927.5,14493.59961,0,0,0,0,28452.30078,0,0,44248.60156,24116.5,0
Plate8_V4_GC8_01_17169,61.3939,-38.2218,43.2985,0.6,0,0,2488.639893,44467.10156,30115.40039,9502.040039,13118.2002,0,0,0,24321.90039,11638,0,0,0,0,0,6281.470215,0,21692.90039,23256.5,15952.2998
Plate8_V4_GC9_01_17170,62.0304,-37.3672,41.2874,0.6,0,0,6651.899902,37839.10156,19322.69922,2317.860107,9967.709961,0,0,0,12524.09961,10033.2998,0,0,7799.089844,0,0,10473.2998,0,23539.30078,22137.90039,0
Plate8_V4_GD10_01_17187,61.0521,-40.4238,26.3304,0.6,0,0,1978.089966,19662.90039,29014.90039,0,8220.019531,0,5796.620117,0,13130.7998,12912.2998,0,0,11849.90039,0,18041.30078,0,0,33704.80078,19062.80078,0
Plate8_V4_GD11_01_17188,62.8345,-40.852,24.2941,0.6,0,0,2626.01001,20879.59961,0,6169.620117,9377.969727,0,0,0,13993.7002,8796.55957,0,0,0,0,22091.09961,0,0,5709.580078,23147.69922,0
Plate8_V4_GD12_01_17189,59.9096,-41.625,23.6867,0.6,0,0,4712.660156,3758.060059,0,0,16210.5,0,0,0,15067.5,15468.90039,0,0,5252.5,0,0,6173.970215,0,10370.2998,42397,0
Plate8_V4_GD1_01_17177,63.952,-38.4339,44.3473,0.6,0,0,4121.720215,41026.19922,20062.5,0,27644.09961,0,0,0,27047.19922,15999.2002,0,0,0,0,0,7472.160156,0,17668,21785.30078,0
Plate8_V4_GD2_01_17186,64.2684,-37.9539,42.4962,0.6,0,0,0,25406.09961,0,0,32671.5,0,0,0,19884.09961,18010.40039,0,0,10428.90039,0,14562.2002,8266.929688,0,13771.90039,6690.120117,0
Plate8_V4_GD3_01_17179,64.3338,-37.582,40.5842,0.6,0,0,0,3885.590088,0,0,10986.40039,0,0,0,17011.69922,16659.09961,0,0,0,0,10692.09961,0,0,6140.609863,6452.779785,0
Plate8_V4_GD4_01_17180,64.0849,-37.9314,38.5917,0.6,0,0,5189.649902,3920.870117,0,12113.7002,10188.7998,0,0,0,9413.099609,17659.09961,3296.449951,0,6043.620117,0,0,5694.310059,0,7126.870117,0,0
Plate8_V4_GD5_01_17181,63.1483,-39.6905,34.4606,0.6,0,0,4952.180176,18675.19922,8887.400391,14899.5,9106.929688,0,0,0,9074.700195,10638,0,0,0,0,14726.2002,0,0,43144.30078,1975.300049,0
Plate8_V4_GD6_01_17182,58.7544,-40.4872,34.1144,0.6,0,0,6234.779785,38777.89844,22040.30078,6864.120117,13810.09961,0,0,0,10276,12626.5,0,0,0,0,20889.5,0,0,76752.5,32223.19922,0
Plate8_V4_GD7_01_17183,60.8393,-39.3654,32.3301,0.6,0,0,5183.350098,24825.90039,0,0,12536.09961,0,0,0,10594,10153.90039,0,0,0,0,0,0,0,84455.20313,19777.90039,0
Plate8_V4_GD8_01_17184,62.5167,-39.8269,30.2697,0.6,0,0,6369.75,33406,12633.2998,0,12830.2002,0,0,0,11738.09961,10969.09961,0,0,0,0,15959,0,0,38858.19922,21626.90039,0
Plate8_V4_GD9_01_17185,59.0236,-41.1716,29.4722,0.6,0,0,2292.300049,31856.59961,19369.40039,0,10936.59961,0,0,0,16295,11463,0,0,0,0,20200.80078,0,0,36433.5,28286.5,0
Plate8_V4_GE10_01_17201,64.2685,-37.7701,71.3245,0.6,0,0,4495.620117,13197.7998,15922.59961,0,176143,0,46042.10156,7341.259766,14392.7998,81826.5,0,3704.679932,7653.310059,0,0,2189.429932,0,9647.549805,0,0
Plate8_V4_GE11_01_17202,64.4889,-39.1674,67.4436,0.6,0,0,8889.730469,304929,0,7014.700195,299831,16043.7998,69845.29688,16220.2998,24376.5,77490.79688,0,0,0,0,0,26295.40039,0,19346.80078,40838.69922,0
Plate8_V4_GE12_01_17203,64.5812,-38.9125,65.8018,0.6,0,0,9079.870117,128611,0,21635.69922,256361,0,45649.5,12481.09961,36002.5,76658.29688,0,18589.30078,0,0,18171.69922,75581.60156,0,13257.09961,41248.39844,0
Plate8_V4_GE1_01_17192,61.1172,-40.6439,21.5714,0.6,0,0,3355.209961,19829.90039,29027.40039,0,13871.2998,0,0,0,15083.7002,13527.59961,0,0,0,0,22821.69922,0,0,26931.80078,25948.5,0
Plate8_V4_GE2_01_17193,62.2882,-39.6242,18.2603,0.6,0,0,6308.470215,29425.5,0,4118.120117,14412.7998,0,0,0,13694.7998,13827.2002,0,0,0,0,18846.40039,0,0,15082.2998,32805.69922,0
Plate8_V4_GE3_01_17194,59.8417,-40.0145,18.2062,0.6,0,0,4298.080078,62338.69922,58728.5,9345.320313,9356.429688,0,0,0,12245.7998,11643.59961,0,0,0,5719.5,0,0,0,17435.69922,39449.39844,0
Plate8_V4_GE4_01_17195,61.1343,-39.0018,15.1234,0.6,0,0,5212.330078,40707.39844,0,12170.40039,11990.7998,0,0,0,11377.2998,9549.049805,0,0,0,0,20098.69922,0,0,17180.09961,41173.60156,0
Plate8_V4_GE5_01_17196,62.3236,-39.8299,11.8605,0.6,0,0,2469.060059,43589.10156,0,10841.90039,12505.09961,0,0,0,9789.950195,17086.5,0,0,0,0,13601.2002,4485.970215,0,26560.59961,45039.39844,0
Plate8_V4_GE6_01_17197,60.2317,-40.0063,11.3587,0.6,0,0,4012.51001,85635.20313,24308.69922,17143.09961,13542.90039,0,0,0,10133.59961,14003.90039,0,6315.77002,11030.2998,0,18707.80078,6508.339844,0,29740.69922,53234.89844,0
Plate8_V4_GE7_01_17198,61.275,-40.1005,7.7662,0.6,0,0,4959.169922,54910.89844,25624.40039,13080.59961,16482.69922,0,0,0,14447.90039,17953,0,5978.290039,0,0,9781.05957,7873.189941,0,36923.39844,47665.89844,0
Plate8_V4_GE8_01_17199,64.3101,-39.3081,74.7308,0.6,0,0,10646,65248.30078,37848.89844,0,307404,0,43950.30078,10312,19468.09961,112934,0,1646.040039,0,0,0,80053.70313,0,4676.419922,29937.5,0
Plate8_V4_GE9_01_17200,64.3047,-37.9448,72.6854,0.6,0,0,6266.569824,33184.10156,0,5066,195958,0,23162.59961,5068.899902,14982,70864.60156,0,13689.2002,0,0,17311.30078,18955.5,0,6433.75,22615.59961,0
Plate8_V4_GF10_01_17215,61.9689,-46.1309,42.3946,0.6,0,0,4169.209961,5955.339844,0,7946.560059,16905.59961,0,0,0,12544.7998,17103,0,0,0,0,14676.40039,6796.100098,0,4548.859863,16555.80078,0
Plate8_V4_GF11_01_17216,64.8193,-46.6846,41.8681,0.6,0,0,5190.850098,5596.049805,0,7239.439941,15182,0,0,0,19041.59961,18710.5,23216.30078,0,0,0,10268.40039,12478.5,0,7508.709961,11831.2998,0
Plate8_V4_GF12_01_17217,62.4946,-45.709,40.4513,0.6,0,0,5920.379883,3407.560059,0,0,11134.2002,5481.859863,0,0,33162.60156,15693.7002,0,0,0,0,8247.969727,7854.959961,0,9558.290039,19494.30078,0
Plate8_V4_GF1_01_17206,59.7057,-47.1935,56.3455,0.6,0,0,6736.77002,17097.69922,4922.830078,0,38694,0,2010.709961,0,18145.90039,19359.90039,0,0,0,0,7038.129883,22625.09961,0,14731.59961,16092.7002,0
Plate8_V4_GF2_01_17207,60.7498,-47.8814,56.5076,0.6,0,0,2676.22998,13603.2998,0,0,28685.80078,0,0,0,13234.90039,14972.09961,0,0,0,0,2044.800049,13339.2002,0,7959.290039,10244.59961,0
Plate8_V4_GF3_01_17208,61.639,-48.2476,56.279,0.6,0,0,4061.530029,16533.5,0,0,66114.5,0,16491.69922,0,13161.5,29901.69922,0,0,0,0,2375.580078,35770.80078,0,7105.859863,12705.2998,0
Plate8_V4_GF4_01_17209,59.0542,-47.3409,55.1177,0.6,0,0,3463.800049,12689.59961,0,0,14310.59961,0,0,0,11214.09961,11694,0,0,0,0,0,4704.339844,0,6456.169922,20497,0
Plate8_V4_GF5_01_17210,60.0855,-48.7801,55.432,0.6,0,0,5206.47998,4805.319824,8595.490234,13785.90039,9783.30957,0,0,0,12730.2998,7322.129883,0,0,0,0,5865.75,9041.139648,0,0,8735.330078,0
Plate8_V4_GF6_01_17211,61.5963,-48.7319,55.3832,0.6,0,0,4561.410156,9970.610352,0,0,19289.59961,0,0,0,3636.899902,14066.2002,0,0,6357.620117,0,2275.199951,9113.679688,0,5949.790039,6082.120117,0
Plate8_V4_GF7_01_17212,59.6254,-48.2755,53.9637,0.6,0,0,5662.52002,10934.90039,0,5982.25,12600.2998,0,0,0,12473.7002,10627.2998,0,0,10557.7002,0,4567.830078,8137.430176,0,6548.689941,16221.09961,0
Plate8_V4_GF8_01_17213,61.1148,-48.9436,53.9702,0.6,0,0,5418.100098,11660.09961,0,13657.5,22769.09961,0,0,0,17963.80078,14514.7998,0,0,0,0,0,9689.959961,0,6024.350098,19230.69922,0
Plate8_V4_GF9_01_17214,61.9944,-48.9437,53.9795,0.6,0,0,4799.560059,25549,7586.660156,0,15539.40039,0,0,0,19259,29064.09961,0,0,0,0,8183.680176,8847.450195,0,26102.30078,16939.69922,0
Plate8_V4_GG1_01_17220,64.5555,-46.4337,40.9701,0.6,0,0,4869.450195,3646.01001,0,8129.089844,46039.69922,0,0,0,12126.7998,18577.40039,0,0,0,0,10548,18195,0,13564.59961,14998.59961,0
Plate8_V4_GG2_01_17221,63.1446,-45.2238,38.629,0.6,0,0,4927.629883,2921.01001,0,16024.90039,17996.19922,0,0,0,12386.5,9661.150391,0,0,0,0,7602.620117,0,0,6659.959961,2782.580078,0
Plate8_V4_GG3_01_17222,64.4655,-45.9853,39.642,0.6,0,0,5915.910156,9210.160156,28189.5,11468.7998,102727,0,0,0,16141.40039,25196.59961,0,0,0,0,2633.620117,18980.09961,0,2284.100098,8556.599609,0
Plate8_V4_GG4_01_17223,64.6794,-45.2477,38.2552,0.6,0,0,6810.689941,5640.009766,25537.30078,19057.80078,125469,0,32879.5,0,11806.2998,44180.30078,0,0,0,0,0,5805.649902,0,3182.610107,3346.560059,0
Plate8_V4_GG5_01_17224,63.9,-43.8819,37.666,0.6,0,0,4596.669922,0,0,10437.40039,42160.30078,0,0,0,13435.59961,14033.7998,0,0,0,0,5103.620117,8955.990234,0,11725.7998,4625.149902,0
Plate8_V4_GG6_01_17225,64.7274,-43.8393,37.521,0.6,0,0,7227.490234,3213.25,0,14213.90039,52428.80078,0,5828.680176,0,13060.2002,12564.2002,0,0,0,0,0,27198.40039,0,3558.439941,13173.7002,0
Plate8_V4_GG7_01_17226,64.2523,-42.6223,37.2388,0.6,0,0,6709.919922,0,42229.10156,13827.5,32140.80078,0,0,0,9947.650391,7939.970215,0,0,0,0,10861.2998,7223.27002,0,26978.30078,9213.110352,0
Plate8_V4_GG8_01_17227,64.8267,-41.9349,37.6184,0.6,0,0,4134.240234,0,0,19598.30078,12422.7998,0,0,0,9374.030273,5502.509766,0,0,8748.929688,0,0,0,0,0,0,0
Plate8_V4_GG9_01_17228,64.566,-40.9579,37.2494,0.6,0,0,4501.390137,3352.100098,0,9741.55957,12069.90039,0,0,0,13182.7002,5844.100098,9472.450195,0,0,0,6925.109863,0,0,38211.10156,2917.600098,0
