row ID,x,y,z,radius,Tryptophan,Hexadecenoic acid,Triethyl citrate,Octadecenoic acid,Piperine,Sphingosine (d17:1),Epicatechin,Aspartame,4-Sphingenine,Fluconazole,Avobenzone,Phytosphingosine,Monoethanolamine oleic acid amide,Erucamide,Cocamidopropyl betaine,Sodium Laureth Sulfate,Octocrylene,Tangeretin,Sodium laureth sulfate + Na,7-Ketocholesterol,Nobiletin,Azoxystrobin,Amlodipine,Taurocholate,Oleoyl lysolecithin,Sphingomyelin,Lactosylceramide
P1_Vol1_Arm_RA10_01_5668,2.011167,0.806904,1.066514,0.05,0,27030.80078,0,61976,0,17068.09961,17429.5,0,0,1461930,0,0,0,335660,437307,12434.2998,0,0,0,33166.5,0,0,0,0,0,0,0
P1_Vol1_Arm_RA11_01_5669,2.202232,0.873741,0.779489,0.05,0,16683.69922,0,11932.7998,0,6993.180176,27739.59961,0,0,1528960,0,0,0,357051,276982,5506.970215,0,0,0,38541.19922,0,0,0,0,0,0,0
P1_Vol1_Arm_RA12_01_5670,2.191309,0.796207,0.79329,0.05,0,14000.2002,0,27715.69922,0,6981.609863,0,0,0,0,0,0,0,278319,303828,10866.40039,0,0,9513.889648,23578.80078,0,0,0,0,0,0,0
P1_Vol1_Arm_RA9_01_5646,2.028709,0.89223,1.092027,0.05,0,0,0,0,0,11568.5,0,0,5516.509766,1945160,0,0,0,126571,437879,0,0,0,0,12807.90039,0,0,0,0,0,0,0
P1_Vol1_Chest_RB10_01_5650,2.252609,0.626947,1.012079,0.08,0,0,0,24018.40039,0,0,19284.40039,0,0,2176210,0,0,0,200743,332950,15931.2002,0,0,0,10173.7998,0,0,0,0,0,0,0
P1_Vol1_Chest_RB11_01_5679,2.152813,0.817946,0.956505,0.08,0,17704.09961,0,43385.60156,0,0,23540.90039,0,0,1739200,0,0,0,283318,218458,11981.2002,0,0,0,28972,0,0,0,0,0,1324750,0
P1_Vol1_Computer_RD10_01_5698,1.810174,0.665212,0.735571,0.05,0,149497,0,68728.60156,9925.69043,12726.7998,27168.40039,0,0,912782,5850.580078,10748.7998,0,2111220,2748980,91791.29688,9699.200195,0,26311.59961,163902,0,0,0,0,0,0,0
P1_Vol1_Computer_RD11_01_5699,1.765493,0.72683,0.842002,0.05,0,65652.10156,0,45808.39844,0,14926.7998,24317.30078,0,0,1569630,0,0,0,352281,994479,31770.69922,0,0,0,143827,0,0,0,0,0,0,0
P1_Vol1_Computer_RD12_01_5700,1.841942,0.735326,0.758821,0.05,0,29246.69922,0,62181.69922,0,0,26621.69922,0,0,1373640,0,0,0,376962,201974,0,0,0,0,39485.60156,0,0,0,0,0,0,0
P1_Vol1_Computer_RD5_01_5655,1.955533,0.81458,0.723128,0.05,0,0,0,28134.40039,0,24576.69922,21360.90039,0,37102.69922,1733780,0,8938.179688,24085.30078,544953,1352680,0,0,0,0,67711,0,0,0,0,0,0,0
P1_Vol1_Computer_RD6_01_5694,2.045701,0.832293,0.868461,0.05,0,253424,0,75474.60156,0,5370.399902,19296.40039,29306.30078,26625.19922,1282690,5519.939941,0,0,530747,1722720,36145.39844,10625.2002,0,17984,596103,0,0,0,0,0,0,0
P1_Vol1_Computer_RD7_01_5695,1.866238,0.813043,0.838606,0.05,0,68445.29688,0,115821,0,5930.399902,21044.30078,0,0,1557650,0,0,0,65886.5,1328980,27008.80078,6287.689941,0,10833.2002,30135.5,0,0,0,0,0,0,0
P1_Vol1_Computer_RD8_01_5696,2.018244,0.831662,0.930447,0.05,0,22579.19922,0,13468,0,0,31325.19922,0,0,696452,0,0,0,518740,459449,0,0,0,0,71861.29688,0,0,0,0,0,0,0
P1_Vol1_Computer_RD9_01_5697,1.916601,0.729987,0.646167,0.05,0,33592.30078,0,82145.10156,0,12331.90039,39827.19922,0,0,1585840,0,0,0,358688,209105,0,0,0,0,31010.59961,0,0,0,0,0,0,0
P1_Vol1_Computer_RE1_01_5701,1.810308,0.780266,0.741722,0.05,0,152938,0,103202,0,5784.799805,19229.30078,0,0,1015670,0,0,0,215872,2863770,129392,23739.59961,0,35734.30078,217281,0,0,0,0,0,0,0
P1_Vol1_Face_RB1_01_5647,2.17692,0.30582,1.024301,0.05,0,69672.29688,0,83117.10156,85638.70313,36264.19922,13456.09961,172184,15215.2002,1642820,0,109332,69842.20313,137536,8815210,22178.5,0,0,0,25939.19922,0,0,27120.80078,0,20176.80078,0,0
P1_Vol1_Face_RB2_01_5671,2.223603,0.388335,0.979618,0.05,0,1297070,12495.90039,148551,35322,152463,19716.80078,43435.80078,101506,1372240,0,117419,48353.19922,323644,3817480,83919.60156,6719.200195,0,29202.30078,54365.19922,0,0,7831.600098,0,13323.5,0,0
P1_Vol1_Face_RB3_01_5672,2.178009,0.396925,1.080303,0.05,0,1671970,11065.59961,183450,33325.60156,126244,23855.19922,47558.89844,107825,1524610,0,127058,50211.80078,237414,5800650,73350.70313,12950,0,37654.19922,61030.69922,0,0,10537.09961,0,24842.09961,0,13132.2002
P1_Vol1_Face_RB4_01_5673,2.186508,0.407834,1.000081,0.05,0,1796320,0,324647,22204.5,22155.59961,21031.90039,101770,646834,1345980,4639.600098,162731,71863.79688,464772,2469380,40668.89844,11891.09961,0,17034.19922,76539.20313,0,0,19389.5,0,9146.589844,0,0
P1_Vol1_Face_RB5_01_5675,2.194669,0.456771,1.009203,0.05,0,632629,0,426307,149820,188614,29365.80078,61567.5,444721,1385080,0,113575,99425.39844,323271,1808460,0,26902.69922,0,11250.40039,50904.19922,0,0,6946.799805,0,447565,0,0
P1_Vol1_Face_RB6_01_5676,2.216576,0.487656,1.010438,0.05,0,1302210,0,216401,28764.40039,30530.30078,26349.5,86417.39844,300213,1533630,9605.259766,208019,71514.39844,460812,3099970,53005.89844,9280.219727,0,30966.59961,95154.5,0,0,21599,0,20069.30078,425938,0
P1_Vol1_Foot_RC6_01_5653,1.827673,1.506129,0.927101,0.05,0,0,0,13521.2002,0,0,25225.30078,0,0,1994110,0,0,0,29106,486262,37437.69922,0,0,0,0,0,0,0,0,31421,0,0
P1_Vol1_Foot_RC7_01_5684,1.910207,1.513609,0.80472,0.05,0,89228,0,49679.89844,0,10409.7998,18976.69922,0,0,891565,0,0,0,388438,502252,20088.69922,0,0,0,15325.2002,0,0,0,0,19969.30078,0,0
P1_Vol1_Hand_RA1_01_5645,1.89292,0.776588,0.893228,0.04,0,13969.2002,0,54552.39844,67567.39844,10385.5,29986.59961,29080.80078,232219,1878970,18714.09961,50034.89844,26528.19922,485690,3219900,20557.30078,0,0,0,90609.70313,0,0,0,0,0,0,0
P1_Vol1_Hand_RA2_01_5660,1.937116,0.773476,0.947768,0.04,0,45208.39844,0,98219.5,55368.69922,317686,0,30189.5,769999,1555460,29272.5,10088,91271.60156,410680,3515920,13769.2002,16717.5,0,0,185845,14007.5,0,6156.359863,0,18225.19922,7226.799805,0
P1_Vol1_Hand_RA3_01_5661,1.964182,0.783982,0.88807,0.04,0,21139.59961,0,57449.30078,41900.89844,10528,14736.40039,20870.30078,141405,1876810,12827.2998,58945.69922,16110.59961,773105,3245200,28589.59961,0,0,0,93394.70313,0,0,0,0,0,0,0
P1_Vol1_Hand_RA5_01_5664,1.991469,0.781497,0.773576,0.04,0,508286,0,134751,20028.19922,10278.7998,27151.40039,24787.19922,0,1654300,26618.19922,60820.60156,22697.09961,863063,2720410,49986.80078,70123.20313,0,26382.19922,121858,0,0,0,0,0,0,0
P1_Vol1_Hand_RA6_01_5663,2.052835,0.767161,0.78132,0.04,0,605072,0,80830.39844,18187.5,176940,11290.5,29901.19922,419146,1028760,56451.30078,119746,86732.20313,534976,3014860,40174.39844,179832,0,26879.59961,518673,0,0,5704.870117,0,18550.19922,0,0
P1_Vol1_Hand_RA7_01_5665,2.018106,0.807207,0.833719,0.04,0,843575,0,175048,11799.2002,128451,22070.69922,43747.60156,355610,1525180,29329.80078,104447,56728.5,1699860,3217740,92690.20313,48148.19922,0,43526,177243,0,0,4964.180176,0,17494.80078,0,0
P1_Vol1_Hand_RA8_01_5666,2.051164,0.80094,0.738284,0.04,0,1394010,0,196347,28455,9334.75,11719.2002,34380.69922,31884.80078,913239,54791.30078,186030,54173.60156,596689,3473080,76209.10156,60622.19922,0,44706.10156,99171.39844,6115.200195,0,9103.780273,0,20805.69922,0,0
P1_Vol1_Hand_rerun_RA4_01_5736,1.901811,0.802701,0.945484,0.04,0,267201,0,77800,31397.09961,48082.39844,23995.5,37961.19922,117913,1832370,16553.90039,0,22615,91411.20313,3325040,103274,21848.40039,0,37302.89844,48854.69922,0,0,5964,0,15288.5,0,0
P1_Vol1_Head_RB7_01_5648,2.297409,0.235081,1.104064,0.05,0,95550.29688,0,80944.89844,45715.60156,292440,0,15463.7002,110170,1799150,0,239770,170152,204925,6616730,15853.2998,0,0,0,16276.59961,0,0,12057.09961,0,0,0,0
P1_Vol1_Leg_RC10_01_5687,2.15219,1.004295,0.711705,0.08,0,45592.39844,0,89809.20313,0,13776,32307.09961,0,0,1314950,0,0,0,405900,509025,12913.5,0,0,0,46874.80078,0,0,0,0,0,0,0
P1_Vol1_Leg_RC11_01_5688,1.957791,1.312468,0.679109,0.08,0,39529.80078,0,52579.69922,0,18244.90039,0,0,0,1739380,0,0,0,468746,647704,24105.19922,0,0,0,48518.39844,0,0,0,0,0,0,0
P1_Vol1_Leg_RC8_01_5685,1.95403,1.00367,0.974656,0.08,0,42456.80078,0,70225.79688,0,27715.80078,25844.40039,0,0,1266180,0,0,0,320792,320853,11102.40039,0,0,0,31024,0,0,0,0,0,0,0
P1_Vol1_Leg_RC9_01_5686,1.748531,1.200766,0.920843,0.08,0,25866.59961,0,54964.30078,0,6577.200195,25359.59961,0,0,1590970,0,0,0,404645,312151,7100.799805,0,0,0,31499.69922,0,0,0,0,0,0,0
P1_Vol1_Phone_RD3_01_5654,1.69788,0.818217,0.995604,0.05,0,0,0,27860,110239,15061.40039,16844,0,38628.19922,2037700,11445.7998,11610.59961,0,386949,2959290,0,0,18392.90039,0,43379.30078,26344.40039,6073.200195,0,0,27718,0,0
P1_Vol1_Phone_RD4_01_5693,1.753117,0.821643,1.05661,0.05,0,198573,0,42299.60156,49331.5,6993.790039,33099.80078,0,35459.89844,1597650,24688.40039,15539.09961,16944.19922,1059600,5079680,98598.89844,33183.80078,6818.72998,25318.40039,134620,11407.2002,0,0,0,17920.90039,0,0
P1_Vol1_Toungue_rerun_RB9_01_5678,2.190757,0.457274,1.017818,0.05,0,168977,0,312470,16861.59961,7372.399902,0,24953.19922,41251.80078,1325700,0,23078.40039,85207,193229,20892,0,0,0,0,0,0,0,13786.7998,0,355782,0,0
P1_Vol2_Arm_RE11_01_5713,1.254309,0.792285,0.391018,0.05,0,393797,0,71447.89844,0,52000.5,13864.2998,26465.59961,200768,429789,0,60966,14593.7002,837399,219290,75821.89844,8985.200195,0,39350,69973.10156,0,0,0,0,0,0,0
P1_Vol2_Arm_RE12_01_5714,1.308585,0.658077,0.720806,0.05,0,279484,0,71940.29688,0,54319.19922,10273.2002,33172.69922,85795,425634,0,25078.5,0,341910,206627,87927.10156,16031.2998,0,53125.10156,91268.70313,0,0,0,0,0,0,0
P1_Vol2_Arm_RF1_01_5715,1.268229,0.623455,0.771991,0.05,0,2525500,0,208161,0,49614,19581.5,85529.60156,0,1695920,79920.79688,116158,61062.39844,1208470,1596840,277220,135023,0,167688,389324,0,0,0,0,8663.200195,0,0
P1_Vol2_Arm_rerun_RE10_01_5733,1.247031,0.861279,0.408564,0.05,0,885908,0,35441.80078,0,66884.39844,0,62129.19922,255186,330712,47198.39844,87338.60156,11161.7002,1335120,728825,109185,47150.60156,0,173769,150279,0,0,0,0,0,0,0
P1_Vol2_Back_RF11_01_5726,0.950597,0.568887,0.595087,0.08,0,29141.19922,0,0,0,0,0,0,0,436026,0,0,0,661042,7789.629883,44180.60156,0,0,19461.90039,0,0,0,0,0,0,0,0
P1_Vol2_Back_RF12_01_5727,0.896751,0.753574,0.589564,0.08,0,0,0,0,0,0,0,0,14729.59961,260816,0,0,0,0,7453.870117,0,0,0,0,0,0,0,0,0,0,0,0
P1_Vol2_Chest_RG1_01_5729,1.166917,0.650429,0.563425,0.08,0,64880.69922,0,61955,0,6997.200195,32508,0,0,2114770,13840.2002,0,0,205498,81768,231112,5044.790039,0,152657,52169.10156,0,0,0,0,0,0,0
P1_Vol2_Chest_RG2_01_5730,1.204419,0.815301,0.555213,0.08,0,50816,0,35327.19922,0,14208.2002,52868.89844,0,12760.7998,2017400,15120,0,0,182769,125914,181722,4696.149902,0,138299,45769.80078,0,0,0,0,0,0,0
P1_Vol2_Computer_RH10_01_5751,1.621817,0.616945,0.683284,0.05,0,54426.60156,0,25736.19922,0,0,33203.5,0,18580.80078,388905,0,0,0,377634,326431,16769.80078,0,0,0,45731.30078,0,0,0,0,0,0,0
P1_Vol2_Computer_RH5_01_5658,1.479191,0.818442,0.738776,0.05,0,26087.30078,0,104602,0,22685.59961,18222.40039,0,72942.39844,2226140,0,33383.30078,13499.2002,462297,1089960,10189.2002,0,0,0,231120,6454.990234,19414.59961,0,0,0,0,0
P1_Vol2_Computer_RH6_01_5747,1.360352,0.813087,0.70377,0.05,67034.29688,512766,0,301738,0,8108.600098,17294.5,0,48675.19922,1296670,6649.149902,36883,13517,1065920,1385530,99793.89844,42992.10156,0,61706.39844,516275,0,0,0,0,21528.69922,0,0
P1_Vol2_Computer_RH7_01_5748,1.536209,0.818295,0.513811,0.05,11449.40039,143347,0,65653,0,0,5457.200195,0,12720.40039,313064,0,0,0,679202,306280,18841.69922,8108.799805,0,0,185035,0,0,0,0,0,0,0
P1_Vol2_Computer_RH8_01_5749,1.428192,0.816918,0.450511,0.05,0,237144,0,46844.5,0,0,0,0,14096.2998,271433,0,0,0,559882,396199,25151.69922,14810.7002,0,19823.80078,187928,0,0,0,0,4925.200195,0,0
P1_Vol2_Computer_RH9_01_5750,1.560166,0.686709,0.819253,0.05,0,76570,0,29533,0,0,14837.7998,0,0,597913,0,0,0,1183460,325724,18416.19922,0,0,15799.7998,128924,0,0,0,0,0,0,0
P1_Vol2_Face_RF2_01_5717,1.252037,0.364513,0.61812,0.05,0,2982440,0,312419,10115.2998,12270.59961,21837.80078,458538,765559,1232190,6922.25,298950,70848.39844,361012,2281150,306931,20971.59961,0,121960,142370,9350.269531,14073,0,0,19457.19922,0,0
P1_Vol2_Face_RF3_01_5718,1.233128,0.438369,0.574286,0.05,0,1427500,0,100373,0,31739,24030.5,215172,252956,1364370,0,120761,52003.80078,401903,2784450,290208,0,0,116091,88205.10156,0,6049.279785,0,0,0,0,0
P1_Vol2_Face_RF4_01_5719,1.227276,0.443742,0.660973,0.05,0,1970810,0,90185.89844,0,145033,11944.7002,228365,439376,1399530,17859.09961,192621,88541,649901,2911260,292742,54292,6728.399902,130659,107770,10020,6465.200195,0,0,92343.70313,0,0
P1_Vol2_Face_RF5_01_5720,1.257654,0.443332,0.617088,0.05,0,3713050,0,414354,0,159408,20462.40039,201444,598086,1465930,13011.59961,271894,112926,695166,1204350,92166.20313,24477.5,0,63562.80078,95430.5,5026,0,0,0,11127.2002,0,0
P1_Vol2_Face_RF6_01_5721,1.238288,0.483949,0.609527,0.05,0,2268830,0,200392,0,155700,28688.19922,92129.10156,380763,1306390,38835.69922,184085,139305,1142450,2313200,182109,59874.19922,0,70863,189610,10523.2002,9147.599609,0,0,464921,0,0
P1_Vol2_Face_RF7_01_5722,1.222709,0.515285,0.609124,0.05,0,1593010,0,151489,0,20118.90039,16063.09961,249975,604565,1374360,14236.59961,187311,87614.10156,833102,2042570,155414,8828.400391,0,59899.69922,89838.20313,0,0,0,0,12094.09961,458117,0
P1_Vol2_Foot_RG7_01_5738,1.340248,1.56394,0.509811,0.05,0,72165.39844,0,45757.5,30441.5,29890.30078,10880.2998,0,5330.950195,1193680,0,8975.980469,0,513047,448187,28599.09961,0,0,6212.029785,24333.09961,0,0,0,62780.30078,69622.89844,0,0
P1_Vol2_Foot_RG8_01_5739,1.326107,1.55409,0.581658,0.05,0,23523.59961,0,18376.09961,16129.90039,0,0,0,0,164830,0,0,0,410328,71125.60156,0,0,0,0,0,0,0,0,0,0,0,0
P1_Vol2_Hand_RE2_01_5704,1.414331,0.768368,0.562145,0.04,0,1801650,0,154446,0,14022.59961,18050,44936.19922,658209,1365490,43093.19922,137966,45770.10156,1000570,3098210,262940,58194.30078,6409.200195,148829,293167,12381.59961,10845,0,0,17892.69922,0,0
P1_Vol2_Hand_RE3_01_5705,1.34967,0.768779,0.48441,0.04,0,1721420,0,142334,0,181160,0,37312.19922,503244,1341000,45067.19922,131337,39754.89844,1686250,2902300,292804,86764.89844,0,174382,262255,0,4440.799805,0,0,29434.90039,0,0
P1_Vol2_Hand_RE4_01_5706,1.424186,0.792807,0.495176,0.04,0,1738010,0,241074,14760.7002,51110,15846.40039,60639.60156,0,1247410,130442,157494,72156,1637130,5151180,495916,130067,23401.40039,285010,264354,22699,24186.40039,0,0,30909.69922,0,0
P1_Vol2_Hand_RE6_01_5708,1.17465,0.477766,0.702557,0.04,0,989418,0,99794.10156,0,151538,11703.2998,54496.39844,0,1411980,19042.80078,108483,35990.19922,793584,2458780,230458,22242.30078,4647.47998,148172,155459,13656.2002,6270.319824,0,0,11662,0,0
P1_Vol2_Hand_RE7_01_5709,1.210525,0.517388,0.716888,0.04,0,1039510,0,69256.60156,0,14663.40039,0,44248.19922,409803,955429,26704,113477,30247.69922,916285,1997850,229469,35560.30078,0,143256,216145,0,0,0,0,0,0,0
P1_Vol2_Hand_RE9_01_5711,1.25452,0.517641,0.665187,0.04,0,1217150,0,49807.19922,0,81827.20313,0,54599.39844,234327,367433,37989.5,50117.39844,14140,670492,2904290,209302,29906.40039,5406.799805,59144.39844,91597.79688,13326.09961,0,0,0,0,0,0
P1_Vol2_Head_RF10_01_5725,1.044891,0.42215,0.605879,0.05,0,1624620,0,42152.80078,0,92369.20313,0,23731.30078,161172,438319,0,47975.80078,20311.30078,1027080,185466,60368.5,15445.90039,0,26182.80078,69046.29688,0,0,0,0,0,0,0
P1_Vol2_Head_RF9_01_5724,1.077381,0.303961,0.6155,0.05,0,1111990,0,74707.20313,0,59212.30078,11873.59961,21113.69922,154076,435167,0,35221.19922,13553.90039,719210,144246,39844.5,7677.600098,0,17820.40039,60442.39844,0,0,0,0,0,0,0
P1_Vol2_Leg_RG10_01_5741,1.431652,1.318847,0.672755,0.08,0,0,0,9228.129883,0,0,0,0,0,296573,0,0,0,723339,5492.470215,22828.90039,0,0,15775.09961,11552.90039,0,0,0,0,0,0,0
P1_Vol2_Leg_RG11_01_5742,1.436485,1.132354,0.392501,0.08,0,0,0,0,0,0,0,0,20837.69922,0,0,0,0,0,0,0,0,0,0,0,0,0,0,0,0,0,0
P1_Vol2_Leg_RG3_01_5731,1.414067,0.984842,0.395508,0.08,0,92893.79688,0,76893.39844,0,13150.2998,19216,0,26017.19922,1294700,0,9063.740234,0,649297,161471,146095,0,0,81345.20313,112207,0,0,0,0,0,0,0
P1_Vol2_Leg_RG4_01_5732,1.60288,1.257581,0.437019,0.08,0,36871.19922,0,37539.89844,0,15172.7002,20727.5,0,19489.69922,1698270,0,0,0,484135,20939.19922,83339.89844,0,0,75292.5,31391.59961,0,0,0,0,0,0,0
P1_Vol2_Leg_RG5_01_5735,1.357472,0.991982,0.761906,0.08,0,125255,0,21990.19922,0,11441,21414,0,46406.5,2335370,0,11114.7002,0,441783,1303850,202378,0,0,113677,57400,0,0,0,0,0,313646,0
P1_Vol2_Leg_RG6_01_5737,1.568257,1.223578,0.672159,0.08,0,24185.09961,0,18962.69922,0,45258.80078,22684.80078,0,0,1816620,0,0,0,376959,27967,121815,0,0,74774.79688,26480.19922,0,0,0,0,0,0,0
P1_Vol2_Leg_RG9_01_5740,1.478889,1.210821,0.417532,0.08,0,0,0,10759.09961,0,0,0,0,0,306669,0,0,0,1200170,5237.859863,12888.2998,0,0,13002.2998,0,0,0,0,0,0,0,0
P1_Vol2_Phone_RH4_01_5657,1.4868,0.822499,0.335777,0.05,0,19684.09961,0,32804.39844,40659.39844,4199.379883,13583,0,153134,2089760,27843.19922,59795.10156,26458.90039,1046440,900326,14283.2002,6183.120117,57606.69922,12460.5,60522.80078,93543,181650,0,0,0,0,0
P1_Vol2_Tongue_rerun_RF8_01_5734,1.23002,0.485219,0.592371,0.05,0,151160,0,28167.80078,0,0,0,59466.10156,23900.19922,372624,0,0,31155.5,820135,0,0,0,0,0,0,0,0,0,0,16014.7998,0,77584
P2_Vol2_Computer_RA1_01_5862,1.655184,0.706779,0.519657,0.05,0,59964.10156,0,33105.39844,0,17212.59961,23577.09961,0,0,1538160,0,0,0,478188,1065570,39717,5341.080078,0,26707.69922,181788,0,0,0,0,0,0,0
P2_Vol2_Computer_RA2_01_5863,1.594971,0.706281,0.670074,0.05,10102.40039,208240,0,110514,0,36801.19922,28056.90039,0,21994.69922,1520510,0,0,0,234241,715490,24269.80078,7629.450195,0,20652.5,330452,7201.029785,0,0,0,0,0,0
P2_Vol2_Computer_RA3_01_5753,1.601134,0.708785,0.718217,0.05,0,49300.19922,0,33946.60156,13980.40039,0,22331.40039,0,0,756895,0,0,0,196278,536299,58295.39844,0,0,27289.80078,161591,0,0,0,15397,0,0,0
P2_Vol3_Abdominal_RC3_01_5780,1.633945,0.84733,1.671671,0.08,0,0,6707.990234,0,0,0,11338.7998,0,6792.799805,1591270,0,0,0,0,0,0,0,0,0,0,0,0,0,0,0,0,0
P2_Vol3_Abdominal_RG4_01_5840,2.089512,0.850852,0.296811,0.08,0,89854.39844,0,15915.2002,10539.5,5632.370117,12398.09961,112164,899813,1470680,294888,7824.669922,14870,965249,3063790,271726,0,0,154252,48126.60156,0,0,0,0,0,0,0
P2_Vol3_Arm_RB1_01_5765,1.496702,0.657205,1.885626,0.05,0,421370,0,123405,0,31304,23250.69922,72007.60156,174090,1372900,26288.59961,101004,27154.19922,317027,3326690,196249,58497.5,0,161886,180749,0,0,0,0,0,0,0
P2_Vol3_Arm_RB3_01_5767,1.855652,0.879694,1.589588,0.05,0,491227,0,157127,0,42101.10156,29625.59961,106713,212572,1439960,288891,61753.69922,26653,573359,4829920,326451,83666.79688,0,220349,107998,0,0,0,0,0,0,0
P2_Vol3_Arm_RB4_01_5768,1.815851,0.893945,1.529891,0.05,0,359232,0,102040,0,46411.69922,17944.59961,56380.39844,156432,1489820,26438.90039,4271.759766,26118.59961,349042,2708080,101351,54684,0,70996.20313,129474,0,0,0,0,0,0,33706.69922
P2_Vol3_Arm_RF2_01_5819,2.135304,0.886607,0.417243,0.05,0,397177,219729,61330.60156,38437.19922,49585.89844,14622.2002,67399.10156,6380730,1250900,1600910,21525,161461,1176200,9268530,792191,15226.40039,20172,692194,104044,15182.09961,0,0,0,0,7394.799805,0
P2_Vol3_Arm_RF4_01_5821,2.117094,0.810243,0.419326,0.05,0,274464,0,62055.10156,0,13720.2002,30418.69922,0,4416740,1274060,108001,18421.90039,157261,1138000,7202940,327230,0,0,397185,62311.19922,0,0,0,0,0,0,0
P2_Vol3_Arm_RF5_01_5829,2.135304,0.886607,0.417243,0.05,0,332014,0,29526,0,24752.19922,21896,34461.19922,5495590,1278560,1072810,20827.59961,67620,1088480,6733700,389242,0,0,429928,101858,0,0,0,0,0,0,0
P2_Vol3_Back_RC4_01_5781,1.939209,0.583648,1.839031,0.08,0,33885.60156,0,13264.09961,0,5447.709961,17054.69922,0,12784.7998,1384250,0,0,0,189747,73524.10156,12291.59961,0,0,6647.200195,15421.59961,0,0,0,0,0,0,0
P2_Vol3_Back_RG5_01_5841,2.202133,0.647594,0.067144,0.08,0,48261.39844,0,15960.90039,0,12905.2002,0,0,344914,1257270,0,0,0,450510,146312,17977.09961,0,0,19220.69922,0,0,0,0,0,0,0,0
P2_Vol3_Back_RG6_01_5850,2.317713,0.753955,0.141764,0.08,0,14475.59961,0,25716.30078,0,15492.7002,12335.2998,0,112526,1245280,0,0,0,568428,191872,13655,0,0,15489,8108.399902,0,0,0,0,0,0,0
P2_Vol3_Chest_RC2_01_5779,1.724924,0.703059,1.781721,0.08,0,85201.39844,0,55196.80078,0,0,5762.560059,0,15165.2002,1374860,0,0,0,212096,156389,0,0,0,10113.59961,14352.7998,0,0,0,0,0,0,0
P2_Vol3_Chest_RG3_01_5839,2.152887,0.711198,0.257248,0.08,0,1435470,0,97036.20313,14307.2002,72842.70313,22029.59961,50597.89844,2578150,1452120,855503,206736,23481.09961,1566810,8128390,443681,0,0,219405,73978.10156,0,0,0,0,0,0,0
P2_Vol3_Computer_RD10_01_5801,1.208885,0.840951,1.879956,0.05,118269,686421,0,195820,12861.2002,13446.09961,0,0,118213,1206800,45094.89844,11851.7998,13580.7002,877352,2512720,67212.70313,267908,0,56561.39844,1230080,0,0,0,0,0,0,0
P2_Vol3_Computer_RD11_01_5803,1.322537,0.845894,1.851448,0.05,0,344976,0,89892.10156,0,18810.40039,21087.40039,0,103163,1282530,26914.80078,32142.69922,0,519588,2454770,118754,69074,0,86875.60156,403079,0,0,0,0,0,0,0
P2_Vol3_Computer_RD8_01_5799,1.142095,0.838053,1.718981,0.05,32461.09961,914215,0,239361,17855.30078,11757.2002,0,0,92562.39844,1299430,52250.89844,14797.59961,20913.40039,1405340,2521950,111130,173674,0,74494.29688,470006,0,0,0,12771.7002,0,0,25528.40039
P2_Vol3_Computer_RD9_01_5800,1.262675,0.847501,1.683318,0.05,123890,863741,0,263938,11018.59961,19836.59961,0,0,136972,1041290,64475.89844,23897.19922,10967,1636460,3185600,112811,253241,0,71130,1026210,0,0,0,0,0,0,0
P2_Vol3_Computer_RE2_01_5806,1.068172,0.688179,1.681645,0.05,143257,824441,0,230487,5048.319824,9671.320313,0,74868.89844,93177.29688,991848,70774.60156,14640.7998,18814.59961,1438790,2571190,58833.30078,354620,0,54853.69922,1287670,0,0,0,0,0,0,24954.19922
P2_Vol3_Face_RB10_01_5775,1.710614,0.553343,1.805657,0.05,0,1736640,0,131399,0,10015.59961,0,0,35652.30078,0,5253.75,272770,125745,150063,3858690,132534,6829.200195,0,46930.80078,39760,0,0,0,0,0,496762,0
P2_Vol3_Face_RB5_01_5770,1.667475,0.384145,1.808897,0.05,0,1372050,0,169980,0,289640,18899.19922,781650,205443,1206460,14172.90039,481877,69417.60156,192822,7098220,117832,21787.5,0,50850.30078,74231.20313,0,0,0,0,18967.19922,0,0
P2_Vol3_Face_RB6_01_5771,1.639884,0.491699,1.83927,0.05,0,2158040,8612.240234,23018.69922,0,9340.969727,0,8952.389648,346385,1431740,13912.5,80138.79688,91459.20313,344168,8619660,314260,21387.59961,0,95538.79688,63447.30078,0,0,0,0,0,0,0
P2_Vol3_Face_RB7_01_5772,1.727224,0.47617,1.800631,0.05,0,1866340,0,125141,0,192286,22603.59961,327865,311767,1231840,96883.5,192766,44000.39844,471298,6839930,225856,89969.29688,0,112477,115147,0,0,0,0,0,0,0
P2_Vol3_Face_RB8_01_5773,1.682424,0.481984,1.796349,0.05,0,2155400,0,134586,0,14281,19780.69922,449587,619554,1113080,71500.20313,282260,127265,329989,3494610,102366,23234.90039,0,43187.10156,85684.79688,0,0,0,0,0,0,0
P2_Vol3_Face_RB9_01_5774,1.693361,0.527156,1.803095,0.05,0,1187190,0,250997,0,127056,34337.39844,36014.80078,501080,1203100,93695.29688,108204,104715,576024,2889830,64008,71470,0,36197.39844,89986.70313,0,0,0,0,19582.09961,0,24224.30078
P2_Vol3_Face_RF10_01_5834,2.106812,0.556835,0.293663,0.05,0,482532,0,24840.59961,0,27086.30078,22853.69922,34497.39844,1159060,1248120,2373070,102682,86521.60156,824237,3131410,207266,0,0,80206.60156,34417.30078,0,0,0,0,0,0,27963.69922
P2_Vol3_Face_RF11_01_5835,2.11955,0.584399,0.285785,0.05,0,975128,0,79989.20313,14948.40039,54024.80078,19137.59961,85928.20313,4256460,1075650,3311480,127865,72421.70313,771558,7806440,860328,0,0,267877,49500.89844,0,0,0,0,0,211648,0
P2_Vol3_Face_RF6_01_5830,2.08429,0.4308,0.302058,0.05,0,509837,0,101542,21944.09961,75899.5,19866,102356,4922030,1099780,3166130,107303,62765.69922,724265,6277040,811517,0,0,311299,32317.59961,0,0,0,0,0,0,0
P2_Vol3_Face_RF7_01_5831,2.134387,0.496828,0.341056,0.05,0,755208,0,131348,21105.40039,42810,15125.5,50452.89844,3357830,709653,5856010,120929,120787,966495,8582630,795100,0,0,332984,16801.30078,0,0,0,0,0,0,0
P2_Vol3_Face_RF8_01_5832,2.085406,0.503865,0.23843,0.05,0,708057,0,121356,28610.30078,43837.69922,15618.40039,50476.5,5453310,746638,2603100,148464,71725.89844,1221560,7661780,951523,0,5648.160156,357779,31709.09961,0,0,0,0,0,0,0
P2_Vol3_Face_RF9_01_5833,2.089455,0.50194,0.293636,0.05,0,3068990,0,277900,22124.30078,29294.19922,15224.2002,102946,2395450,1090730,2236970,88525,139907,1115310,7253430,504303,0,0,179352,22916.5,0,0,0,0,0,0,0
P2_Vol3_Foot_RD2_01_5792,1.123438,1.222511,0.952786,0.05,0,34848.60156,0,62009.80078,0,5313.399902,18187,0,0,1290340,0,0,0,324036,244899,58206.80078,0,0,0,9559.139648,0,0,0,0,0,0,0
P2_Vol3_Foot_RD3_01_5793,1.180102,1.55065,1.432299,0.05,0,45460.5,0,56874.19922,16913.90039,5814.240234,16458.09961,0,0,1140690,0,0,0,510537,246263,54482.89844,0,0,0,12031.59961,0,0,0,0,0,0,0
P2_Vol3_Foot_RH3_01_5852,1.996169,1.497913,0.342198,0.05,0,74842,0,25214.30078,0,0,12983.7998,0,5042.799805,1267520,0,0,0,777395,657424,391290,0,0,0,0,0,0,0,31577.69922,0,0,0
P2_Vol3_Foot_RH4_01_5853,2.08812,1.41592,0.310426,0.05,0,34657.39844,0,29816.80078,0,11735.59961,10855.5,0,16347.90039,1161100,0,0,0,543515,898696,216745,0,0,15408.59961,8150.799805,0,0,0,17613.59961,0,0,0
P2_Vol3_Hand_RA10_01_5761,1.708861,0.933899,1.482155,0.05,0,392828,0,69244,0,86077.5,20665.19922,24444.30078,85761.20313,857316,350342,47983.10156,13385.59961,402584,3191760,144132,70236.79688,0,99696.10156,111859,0,0,0,0,0,0,0
P2_Vol3_Hand_RA5_01_5756,1.587164,0.494391,1.928784,0.05,0,390197,0,51900.30078,0,49703.80078,0,50098.69922,85877.29688,1261020,40927.89844,46812.19922,17237.5,595559,5744690,332493,64612.89844,0,179741,104865,0,0,0,0,0,0,0
P2_Vol3_Hand_RA6_01_5757,1.535781,0.563308,1.924378,0.05,0,522794,0,95327.89844,5592.790039,49044.80078,25095.59961,58046.80078,232853,1435200,56502.80078,66728.70313,15624.59961,310308,2946620,187880,80858.60156,0,130223,126326,0,0,0,0,0,0,0
P2_Vol3_Hand_RA7_01_5758,1.57087,0.507761,1.854928,0.05,0,384379,0,86975.60156,9626.820313,73253.60156,13184.2002,43127.5,301389,1248660,95228,45136.19922,24846.30078,583365,5863330,378654,65735.60156,0,158865,131544,0,0,0,0,30984.19922,0,0
P2_Vol3_Hand_RA8_01_5759,1.538097,0.570968,1.866404,0.05,0,937546,0,136513,22804.40039,124272,9491.110352,93103,453653,961761,139463,38735,37722.60156,691618,7836420,1124220,149932,0,581758,177797,0,0,0,12898.7998,59251.69922,0,0
P2_Vol3_Hand_RA9_01_5760,1.661042,0.974512,1.458117,0.05,0,371493,0,39795.89844,0,123220,15290.59961,35516.19922,90098.89844,1217150,41898.89844,67866.79688,15377.59961,481829,3206230,203260,19992,0,149062,93861.39844,0,0,0,0,0,0,0
P2_Vol3_Hand_RE10_01_5815,1.951329,0.997147,0.384901,0.04,0,398082,0,51109.39844,0,23187.80078,25485,0,2467860,1436630,658780,8906.799805,48892.30078,765669,9268160,4357650,0,0,1117310,21777.90039,0,0,0,0,0,0,0
P2_Vol3_Hand_RE11_01_5816,1.957924,0.997179,0.353731,0.04,0,716990,0,59996.69922,6019.790039,26209.90039,21894,56270.10156,4957930,1284830,2884170,28453.30078,170487,653814,1.04E+07,5209330,0,0,1368690,34719.60156,0,0,0,0,0,0,0
P2_Vol3_Hand_RE12_01_5817,1.939209,0.770397,0.402593,0.04,0,319014,10093.09961,54024.30078,13711.5,0,28969.5,24759.69922,2024230,1269740,457752,5828.22998,41955.80078,466948,9123620,4153000,0,0,1024750,34310.19922,0,0,0,0,0,0,0
P2_Vol3_Hand_RE6_01_5811,1.995071,0.77219,0.38571,0.04,0,174308,7459.470215,69991,0,12134.90039,22315.5,0,1925990,1249600,322840,0,25807,762043,8494160,2462930,0,0,671201,22534.19922,0,0,0,0,0,0,0
P2_Vol3_Head_RB12_01_5777,1.709963,0.404049,1.951097,0.05,0,1704330,5821.200195,153581,0,132349,17890.90039,82631.79688,161270,1245560,0,94786.70313,98940.79688,269293,8299320,294677,0,0,129184,40143.5,0,0,0,0,0,763998,0
P2_Vol3_Head_RG1_01_5837,2.173633,0.359918,0.238042,0.05,0,701289,0,139748,0,184390,26007.40039,46966.30078,7337040,1555320,0,19051.80078,30405,255096,357170,3524140,0,0,551599,0,0,0,0,0,0,883198,0
P2_Vol3_Head_RG2_01_5838,2.287603,0.453203,0.183347,0.05,0,192890,0,27677.5,0,5952.799805,0,0,2016430,1527580,430464,9985.280273,26419.40039,799329,2451440,167043,0,0,108056,21310.80078,0,0,0,0,0,0,0
P2_Vol3_Leg_RC10_01_5788,1.353766,1.004989,1.586117,0.08,0,33662.19922,0,28868,0,13504,12179.40039,0,65559.39844,1134270,0,0,0,192218,253309,32112.30078,0,0,32291.40039,21504,0,0,0,0,0,0,0
P2_Vol3_Leg_RC11_01_5789,1.236401,1.090058,1.286457,0.08,0,51357.10156,0,23845.90039,0,0,11946.09961,0,23539.30078,1615030,0,5608.399902,0,260609,273532,20945.80078,0,0,25508,19887,0,0,0,0,0,0,0
P2_Vol3_Leg_RC12_01_5790,1.438493,1.128516,1.522894,0.08,0,29317.40039,0,26266.80078,0,0,0,0,24281.59961,1257950,0,0,0,99822,158652,9990.400391,0,0,24032.40039,19380.80078,0,0,0,0,0,0,0
P2_Vol3_Leg_RC6_01_5784,1.411344,0.860071,1.559633,0.08,0,73536.89844,0,32934.19922,0,0,27524.30078,0,34857.89844,1259660,0,0,0,278599,670460,33780.30078,8605.519531,0,36449.80078,49056.89844,0,0,0,0,0,0,0
P2_Vol3_Leg_RC7_01_5785,1.252609,0.999462,1.246311,0.08,0,83136.29688,0,35182,0,0,19478.90039,0,45535,923425,0,0,0,409070,531701,66726.70313,7097.759766,0,45603.10156,31134.19922,0,0,0,0,0,0,0
P2_Vol3_Leg_RC8_01_5786,1.549225,0.954208,1.477914,0.08,0,109231,0,51641,0,0,9649.610352,0,52947.60156,958577,4986.040039,11844.2002,0,318521,862016,34003.19922,15279.59961,0,43977.60156,37722.10156,0,0,0,0,0,0,0
P2_Vol3_Leg_RC9_01_5787,1.247321,1.225535,1.389716,0.08,0,80143.5,0,46567.80078,0,0,26377,0,53993.19922,1007370,0,0,0,924940,613984,42022.39844,9276.849609,0,51104.39844,28585.19922,0,0,0,0,0,0,0
P2_Vol3_Leg_RD1_01_5791,1.335647,1.342417,1.47213,0.08,0,0,0,0,0,0,11707,0,5860.419922,1005850,0,0,0,0,0,20050.80078,0,0,0,0,0,0,0,0,0,0,0
P2_Vol3_Leg_RG10_01_5846,1.806476,1.278697,0.365765,0.08,0,28990,0,10046.2998,0,12442.7998,0,0,96641.89844,1022010,14288.5,0,0,1123150,193277,27126.30078,0,0,39678.89844,11129.40039,0,0,0,0,0,0,0
P2_Vol3_Leg_RG12_01_5848,1.906021,1.249388,0.331584,0.08,0,20322.30078,0,0,0,11805.90039,0,0,99608.10156,1407520,21251.90039,0,0,109038,136138,20184.59961,0,0,48239.80078,17991,0,0,0,0,0,0,0
P2_Vol3_Leg_RG7_01_5843,2.036728,1.040126,0.508038,0.08,0,110262,0,25381.5,0,18630.30078,11382.2998,0,698637,1284130,675642,18731.30078,26551.09961,1696010,2955500,208474,0,0,193136,91057.89844,0,0,0,0,0,0,0
P2_Vol3_Leg_RG8_01_5844,1.882984,1.285398,0.538526,0.08,0,48335.30078,0,49985.80078,0,19951.30078,0,0,23883.09961,0,40024.39844,0,0,979370,362151,26997.59961,0,0,60856.19922,19667.90039,0,0,0,0,0,26167.80078,0
P2_Vol3_Leg_RG9_01_5845,1.82863,1.034338,0.259115,0.08,0,71835.79688,0,21717.09961,0,26083.09961,0,0,517929,1254190,368883,12499.7002,9788.799805,607546,2371880,155106,0,0,155112,70276,0,0,0,0,0,0,0
P2_Vol3_Mouse_RH10_01_5859,2.018815,0.81625,0.579264,0.04,0,51536.89844,9647.730469,37317,102632,6870.279785,0,0,732380,1302640,863555,0,0,766701,1860760,105532,0,22163,60506.80078,39109.30078,26136,0,0,0,0,0,0
P2_Vol3_Mouse_RH9_01_5858,2.027315,0.81935,0.61139,0.04,0,28749.40039,0,35611.89844,41881.19922,0,15228.59961,0,478534,1542340,391660,0,0,614989,1615760,103366,0,13872.7998,83508.29688,28946.80078,15427.7998,0,0,0,37803.30078,0,0
P2_Vol3_Phone_RD6_01_5797,1.530359,0.808465,0.961279,0.05,0,932841,23614.59961,119319,102874,25942.80078,14396.2002,23073.19922,225411,773010,828520,40556.80078,31494.40039,3866840,3539000,255343,509413,22190.90039,127302,133671,120977,0,0,9797.200195,48298.5,0,13633.40039
P2_Vol3_Phone_RD7_01_5798,1.455023,0.808689,0.968268,0.05,0,1150580,26291.40039,205320,124619,21974.40039,16507.19922,39011.89844,363737,1095720,783005,40613.19922,29569.69922,4057000,5195470,449392,557442,46250.39844,218293,126915,114699,0,0,31506.09961,34241.39844,0,0
P2_Vol3_Phone_RH7_01_5856,1.93818,0.828028,0.559678,0.05,0,52988.10156,0,28795.40039,52268,22819.90039,25441,0,160276,1242570,154627,0,0,522478,1073270,34912.89844,0,0,23299.19922,22337.09961,0,0,0,0,0,0,0
P2_Vol3_Phone_RH8_01_5857,1.992519,0.827376,0.536691,0.05,0,51894.5,0,35724.80078,74560.39844,30811.69922,23830.69922,0,165185,1373830,208865,0,0,290180,1279680,49630.10156,0,0,22330,12718.5,0,0,0,0,0,0,0
P2_Vol3_Tongue_RB11_01_5776,1.684035,0.52957,1.807908,0.05,0,274425,0,41083.39844,0,0,20603.5,102239,25754,1220550,0,6468.97998,58696.39844,341390,76885.10156,0,0,0,0,0,0,0,0,0,378962,0,26840.59961
P2_Vol3_Tongue_RF12_01_5836,2.128953,0.557176,0.30708,0.05,0,57498.89844,0,54535.69922,0,6119.22998,23757.30078,0,43326.5,1473460,65494.80078,29489.80078,47774.39844,532557,103141,0,0,0,0,0,0,0,0,0,5353.850098,0,0
P3_Vol4_Chair_RB10_01_5889,1.830822,0.863797,1.867003,0.08,0,44492.69922,0,26223,0,0,13958,0,47620.19922,1172290,0,0,0,1469910,168109,6454.990234,5360.970215,0,9776.759766,46616.30078,0,0,0,0,0,0,533273
P3_Vol4_Chair_RB11_01_5890,1.679191,1.11393,1.449115,0.05,0,14191.7998,0,36543.39844,0,0,20125.19922,0,34810.80078,939282,0,0,0,2360580,139272,0,5115.600098,0,0,25223.69922,0,0,0,0,0,0,0
P3_Vol4_Chair_RB12_01_5891,1.894409,0.922197,1.481811,0.05,0,201790,0,45082.19922,0,0,0,25590.5,429343,861653,0,23363.19922,0,2605970,5611020,256118,4687.75,0,159386,42074.69922,0,0,0,313020,0,0,0
P3_Vol4_Chair_RB2_01_5881,2.255749,0.955951,0.118639,0.08,0,19998.90039,0,63209.69922,0,0,16346.2002,0,20143.30078,1293900,0,0,0,329888,144478,4876.220215,0,0,0,35784.80078,0,0,0,0,0,0,0
P3_Vol4_Chair_RB3_01_5882,1.786363,1.14351,0.23396,0.05,0,20684.90039,0,15390.2002,0,0,9905.679688,0,17336.59961,1279280,0,0,0,258583,122649,0,0,0,0,14030.5,0,0,0,0,0,0,0
P3_Vol4_Chair_RB4_01_5883,2.191298,0.931887,0.526325,0.05,0,39985.30078,0,45002.60156,0,0,17922.40039,0,484940,1117180,9864.05957,0,0,501660,6421460,135030,6265.080078,0,54657.80078,56860,0,0,0,0,0,0,0
P3_Vol4_Chair_RB5_01_5884,1.851685,0.924047,0.052197,0.05,0,10624.2002,0,58925.80078,0,0,23222.80078,0,176741,990234,0,0,0,182729,4214180,31997.09961,0,0,25345.59961,75676,0,0,0,0,0,0,0
P3_Vol4_Chair_RB6_01_5885,0.895699,0.908128,0.556357,0.08,0,0,0,45614,0,0,17131.80078,0,28890.19922,1249200,0,0,0,473348,293738,7810.660156,0,0,13210.7002,72262.29688,0,0,0,0,0,0,0
P3_Vol4_Chair_RB7_01_5886,0.999038,1.162029,0.490526,0.05,0,0,0,47825.89844,0,0,0,0,35223.10156,1078880,0,0,0,254597,126194,0,0,0,0,36301.19922,0,0,0,0,0,0,0
P3_Vol4_Chair_RB8_01_5887,1.236587,0.920752,0.308657,0.05,0,32835.30078,0,28881.19922,0,0,10164.7998,0,506038,910566,4463.589844,0,0,1296050,6714000,39623.5,0,0,37628.69922,65770.20313,0,0,0,0,0,0,0
P3_Vol4_Chair_RB9_01_5888,1.143123,0.909488,0.880446,0.05,0,90620.29688,8706.070313,65769.5,0,0,14966.90039,25730.40039,1469260,1169450,15930,14123.7998,0,2179480,6655600,109928,5001.569824,0,64620.19922,89295.79688,0,0,0,0,0,0,0
P3_Vol4_Computer_RA1_01_5867,1.729895,0.809564,0.314981,0.05,0,294973,0,53954.5,12645.2998,0,10296.2002,0,813883,1232810,2559450,0,6533.120117,2698600,1813990,87466,5096,111071,51672.60156,191424,203129,0,0,0,0,0,0
P3_Vol4_Computer_RA2_01_5868,1.853458,0.81035,0.259388,0.05,0,425555,0,104858,16810.80078,13760.90039,0,0,1042660,858524,2859410,0,21154.90039,2347930,2668190,156883,7849.910156,49756.60156,74989.39844,208201,65785.10156,0,0,0,0,0,0
P3_Vol4_Computer_RA3_01_5869,1.818305,0.808739,0.523325,0.05,0,106386,0,34709.89844,17756.40039,0,16901.09961,36533.80078,878930,755962,1108410,0,0,863660,1598050,78089,5184.560059,307347,65467.89844,168627,1223330,0,0,0,0,0,0
P3_Vol4_Computer_RA4_01_5870,1.962704,0.809718,0.482294,0.05,0,292572,0,56827.10156,32555.90039,0,40073.89844,0,1680520,1201110,2281410,0,21213.80078,808154,3361800,189725,21814.40039,392764,120451,239142,2023120,0,0,0,0,0,0
P3_Vol4_Computer_RA5_01_5871,1.659743,0.694424,0.299607,0.05,0,100463,0,101662,0,0,29819.30078,0,375462,1224250,1078210,0,0,305683,1113530,46890.69922,0,0,39024.39844,85249.10156,0,0,0,0,0,0,0
P3_Vol4_Computer_RA6_01_5872,1.70436,0.603563,0.41327,0.05,0,163612,0,72581.5,46700.39844,32536.09961,19988.09961,0,2147510,1192080,1723790,0,6873.899902,1349810,2973320,253271,15218.90039,74259.89844,131442,170312,52405.19922,0,0,0,0,0,0
P3_Vol4_Computer_RA7_01_5873,1.77623,0.696357,0.565976,0.05,0,63230.80078,0,79305.5,33667.19922,0,33213.39844,0,675340,1216510,743315,0,0,668215,2134040,93967.5,7094.660156,52102.19922,53884.60156,94563,44786.30078,0,0,0,0,0,0
P3_Vol4_Computer_RA8_01_5874,1.721488,0.698418,0.425353,0.05,0,24437.80078,0,101241,0,0,27076.40039,0,829710,1000430,346092,0,0,719577,822102,38825.10156,6033.439941,201820,40082.69922,94477.29688,381523,0,0,0,0,0,0
P3_Vol4_Computer_RA9_01_5875,1.686407,0.690249,0.409067,0.05,0,12466,0,58412.30078,0,0,16861.69922,32780,646380,1172610,109287,0,0,1086250,644763,27976,0,0,38556.30078,10767.7002,0,0,0,0,0,0,0
P3_Vol4_Desk_RE10_01_5929,1.032112,0.874984,1.554458,0.05,0,64164.5,0,108841,0,0,14515.2998,71487.89844,61872.19922,669041,279301,0,0,1236900,2417340,141905,422056,0,95793.10156,673602,0,0,0,0,0,7111.47998,55535.10156
P3_Vol4_Desk_RE11_01_5930,0.890284,0.86172,1.434446,0.05,0,66715.79688,0,86048,0,0,22920.19922,198928,107644,374064,210100,0,0,2269420,2740030,108540,212070,0,66975.89844,584638,0,0,0,0,0,0,0
P3_Vol4_Desk_RE5_01_5924,1.011975,0.846538,1.643478,0.07,0,270624,0,69255.39844,0,9674.19043,0,0,22201.59961,1058080,73074.5,0,0,1016530,1369330,55172.39844,131856,0,22946.09961,196099,0,0,0,0,0,0,0
P3_Vol4_Desk_RE6_01_5925,0.888648,0.842716,1.61382,0.07,13824.59961,323081,0,202966,0,10229.59961,0,0,81260.5,1067180,196413,0,0,531059,2748870,123970,301449,0,53559.89844,606526,15578.59961,0,0,0,0,0,0
P3_Vol4_Desk_RE7_01_5926,0.829457,0.841143,1.470181,0.07,0,48411.19922,0,36327,0,44071.89844,0,0,32064.5,1004790,31481.09961,0,0,358616,553505,23582.80078,75032.10156,0,17791.80078,158107,0,0,0,0,0,0,0
P3_Vol4_Desk_RE8_01_5927,1.327209,0.860688,1.790368,0.05,0,55539.80078,0,154932,0,27212,0,0,12550.40039,455691,179823,0,0,1196720,1681470,60094.5,389712,0,63437.89844,396867,0,0,0,0,0,0,0
P3_Vol4_Desk_RE9_01_5928,1.129566,0.857644,1.634384,0.05,12158.7002,318733,0,192555,0,0,0,0,150345,497560,295268,0,0,1491410,3146970,144019,320019,0,144926,590045,15814.5,0,0,0,0,9957.820313,0
P3_Vol4_Phone_RE12_01_5932,0.669799,0.753025,1.350645,0.05,177090,152489,0,152745,0,0,0,0,124958,940775,28036.69922,0,0,2256750,3394760,202383,352594,0,94843.29688,1501220,0,0,0,0,0,0,0
P3_Vol4_Table_RC10_01_5903,1.650021,0.832657,0.425379,0.05,0,195590,0,178619,0,0,0,0,359186,1154820,106953,0,0,3937950,3301110,275460,187994,15757.2998,129189,510507,14936,0,0,0,0,0,0
P3_Vol4_Table_RC11_01_5904,1.297309,0.823245,0.582955,0.05,0,218297,0,321080,0,0,16490.40039,0,269109,1274740,174021,0,0,1861980,3394760,140826,213562,0,78411.10156,887043,0,0,0,0,0,0,13201.7002
P3_Vol4_Table_RC12_01_5905,1.397311,0.846453,0.99501,0.05,0,140890,0,82342.10156,0,0,15620.90039,0,187941,1191760,16624.30078,0,0,1685920,2912260,92907.70313,61485.80078,0,52127.5,528643,0,0,0,0,0,0,0
P3_Vol4_Table_RC2_01_5894,1.418395,0.827076,0.873178,0.05,57041.69922,403243,0,402131,0,10859.59961,0,0,241587,1298590,76665.89844,0,0,350131,3353790,183483,254672,0,94536.39844,698877,0,0,0,0,0,0,0
P3_Vol4_Table_RC3_01_5895,1.63633,0.828876,0.90924,0.05,45763,981948,0,382811,0,4393.540039,10966,0,265609,1122350,97426.10156,29240.59961,22909.59961,487027,3134230,115451,196071,0,109010,1022360,0,0,0,0,0,0,0
P3_Vol4_Table_RC5_01_5897,1.6674,0.833075,0.803793,0.05,86707.89844,588802,0,414945,0,0,0,0,281354,1094590,91826.79688,0,0,381883,3433670,137083,357216,0,95008.70313,908368,0,0,0,0,0,0,0
P3_Vol4_Table_RC6_01_5898,1.683417,0.833601,0.657002,0.05,13429.2998,323587,0,283639,0,0,19277.80078,0,429633,1146060,270792,0,6461.560059,897062,4213800,304530,467555,11736.2998,145730,821687,5611.200195,0,0,0,0,0,0
P3_Vol4_Table_RC7_01_5899,2.048518,0.833516,0.920363,0.05,0,279754,0,135563,0,11930,18722.59961,0,252128,1246590,165312,0,0,391712,2301390,86382.10156,75000.79688,0,45946.60156,307167,0,0,0,0,0,0,0
P3_Vol4_Table_RC8_01_5901,1.679185,0.832215,0.565401,0.05,0,430141,0,179663,0,0,10710.5,0,146639,1224460,401592,0,0,1050330,3088650,174189,140505,0,89073.20313,413807,0,0,0,0,0,0,0
P3_Vol4_Table_RC9_01_5902,1.946912,0.83667,0.309502,0.05,0,154388,0,94236.89844,0,0,21822.40039,0,200397,1195020,158717,0,0,1984790,4037540,278080,104315,0,97934.10156,108580,0,0,0,0,0,0,0
P3_Vol4_Table_RD1_01_5906,1.61344,0.840008,1.102368,0.05,17091,274118,0,134525,0,0,0,0,105598,1202970,72232.20313,0,0,696470,3398950,108436,161143,22970.5,53824.5,481855,33018.80078,0,0,0,0,0,0
P3_Vol4_Table_RD2_01_5907,2.142228,0.849227,0.610601,0.05,0,354536,0,178687,0,0,0,0,191927,1139350,130954,0,0,790539,2994340,109660,113617,7114.72998,57749.10156,445884,53795,0,0,0,0,0,0
P3_Vol4_Table_RD3_01_5908,1.959124,0.857198,0.293188,0.05,0,184598,0,217750,0,0,15475.5,0,259428,1108820,205487,0,0,1076450,3464790,199294,128673,9241.599609,76262.39844,492453,37374.60156,0,0,0,0,0,0
P3_Vol4_Table_RD4_01_5909,1.513564,0.847342,0.238256,0.05,0,182525,0,199110,0,0,0,0,148635,1259280,688384,0,0,733400,5010570,384606,256383,0,142731,362108,14057.59961,0,0,0,0,0,0
P3_Vol4_Table_RD5_01_5910,1.241512,0.834399,0.66296,0.05,0,33889.30078,0,26693.5,0,0,24305.09961,0,98878.10156,1197820,21112.80078,0,0,193468,2346270,87341.60156,32073.19922,13103.2002,46788.89844,142044,10060.40039,0,0,0,0,0,0
P3_Vol4_Table_RD6_01_5911,1.699911,0.988917,0.617461,0.05,0,9601.200195,0,63057.89844,0,11188.09961,16988.5,0,0,991174,0,0,0,277390,158846,27441.09961,6334.899902,0,0,6807.759766,0,0,0,0,0,0,0
P3_Vol4_Table_RD7_01_5912,1.706616,1.380211,0.691788,0.05,0,10854.2998,0,54153.5,0,0,19916.5,0,13891.40039,927455,0,0,0,204267,204609,5836.669922,8698.980469,0,0,16303.40039,0,0,0,0,0,0,0
P4_Book_Shelf_RA10_01_5952,2.416809,0.343494,1.641587,0.08,0,17427,0,29027.59961,0,17273.90039,22218.90039,0,0,1140530,0,0,0,261456,311831,19273.59961,0,0,11701.7998,65987.10156,0,0,0,0,0,0,0
P4_Book_Shelf_RA11_01_5953,2.495349,0.249636,1.66895,0.08,0,14010.2998,0,82429.60156,0,7061.600098,15638,0,35595.89844,1473100,0,0,0,264510,414087,24337.59961,9707.360352,0,15092,86688.39844,0,0,0,0,0,0,0
P4_Book_Shelf_RA12_01_5954,2.431709,0.833902,1.654492,0.08,11809.59961,28226.59961,0,254495,0,16426.69922,0,0,2282530,936621,0,0,0,192866,2419000,60865.89844,243491,14701.5,29668.30078,1036720,35538.80078,0,0,0,0,0,0
P4_Book_Shelf_RA2_01_5944,2.504786,0.496338,1.479712,0.08,0,19475.30078,0,44721.30078,0,0,30903.09961,0,14987.90039,687209,0,0,0,250429,639991,34321.60156,0,0,0,34485.80078,0,0,0,0,0,0,0
P4_Book_Shelf_RA3_01_5945,2.321182,0.715444,1.675285,0.08,0,53137,0,78990.70313,0,0,34830.19922,0,164588,994004,14579,0,0,402756,975729,46882.80078,0,0,18928,50080.19922,0,0,0,0,0,0,0
P4_Book_Shelf_RA4_01_5946,2.317789,1.066498,1.679224,0.08,0,14699.59961,0,98442.39844,0,0,52223.69922,0,21725.09961,1228870,0,0,0,229410,461624,19046.19922,0,0,0,26103.09961,0,0,0,0,0,0,0
P4_Book_Shelf_RA5_01_5947,2.498323,0.865335,1.502051,0.08,0,20016.09961,0,21490,0,0,39513.19922,0,24610.59961,1250040,0,0,0,252262,539443,41746.69922,4532.759766,0,10281.09961,39017.80078,0,0,0,0,0,0,0
P4_Book_Shelf_RA7_01_5949,2.3144,1.44937,1.678375,0.08,0,14172.90039,0,57575.10156,0,6447.319824,35710.89844,0,17871.19922,1062590,0,0,0,369366,197673,25319.80078,0,0,0,33628.39844,0,0,0,0,0,0,0
P4_Book_Shelf_RA8_01_5950,2.450409,1.225505,1.544955,0.08,0,69856.10156,0,30080,0,0,58880.30078,0,47046.30078,1124030,11424.90039,0,0,450854,1620840,68005.70313,11144,0,38715.5,107926,0,0,0,0,0,0,0
P4_Book_Shelf_RB2_01_5956,2.453039,0.677763,1.67273,0.08,0,25949.90039,0,71877.70313,0,4475.990234,24874.19922,0,0,1057160,0,0,0,321093,288224,0,0,0,0,72771.70313,0,0,0,0,0,0,0
P4_Book_Shelf_RB3_01_5957,2.48911,1.093401,1.633523,0.08,0,11699.5,0,70697.5,0,0,19469,0,10327.2002,1459050,0,0,0,190538,234945,0,20888.09961,0,0,45767.80078,0,0,0,0,0,0,0
P4_Book_Shelf_RB4_01_5958,2.510073,0.645858,1.597888,0.08,0,14381,0,97122.5,0,11709.59961,31211.40039,0,25035.30078,1145210,0,0,0,241571,421215,52171.5,10515.40039,0,20702.80078,90948.29688,0,0,0,0,0,0,0
P4_Book_Shelf_RB5_01_5959,2.347632,1.442521,1.589696,0.08,0,0,0,64300.30078,0,23909.30078,26815.40039,0,86418.70313,1418400,0,0,40801.19922,518211,2006200,108057,0,0,56368.60156,185183,0,0,0,0,0,0,0
P4_Book_Shelf_rerun_RA1_01_5983,2.321261,0.312765,1.675803,0.08,0,0,0,79397.79688,0,0,0,0,0,0,0,0,0,151351,0,0,0,0,0,0,0,0,0,0,0,0,0
P4_Floor_RB10_01_5966,2.267509,1.579332,1.565066,0.12,0,5426.399902,0,19793,0,23281.30078,0,0,9969.69043,1125460,0,0,0,215290,167621,9229.769531,0,0,0,17068.69922,0,0,0,0,0,0,0
P4_Floor_RB11_01_5967,1.905247,1.57661,1.376733,0.12,0,0,0,28529.5,0,0,16709.90039,0,6874.689941,1083560,0,0,0,284843,128020,0,0,0,0,13852.59961,0,0,0,0,0,0,0
P4_Floor_RB12_01_5968,1.566009,1.57732,1.301115,0.12,0,12005.2998,0,62555,0,42136.60156,0,0,0,894664,0,0,0,196813,139629,18408.80078,0,0,0,16967,0,0,0,0,0,0,0
P4_Floor_RC10_01_5978,1.216558,1.570006,0.768821,0.12,0,22771.30078,0,69915.29688,0,31232.09961,41217,0,0,778085,0,0,0,441743,169231,23295.5,0,0,0,20075.40039,0,0,0,0,0,0,0
P4_Floor_RC11_01_5979,2.362883,1.581236,0.544923,0.12,0,0,0,53882,0,26742.09961,0,0,16686,1227050,0,0,0,297827,187876,14888.2998,0,0,0,18768.5,0,0,0,0,0,0,0
P4_Floor_RC12_01_5980,1.625709,1.57779,0.060711,0.12,0,10873.40039,0,52731.69922,0,23655.19922,10490.40039,0,0,1071940,0,0,0,383171,196141,36515.39844,0,0,0,18278.19922,0,0,0,0,0,0,0
P4_Floor_RC1_01_5969,1.177909,1.574556,1.535616,0.12,0,0,0,38110.39844,0,31718.90039,11115.90039,0,0,1603390,0,0,0,138708,178073,37816.80078,0,0,0,12048.7002,0,0,0,0,0,0,0
P4_Floor_RC2_01_5970,0.85606,1.559355,1.29767,0.12,0,0,0,18357.40039,0,4757.740234,0,0,0,0,0,0,0,142394,37907.80078,0,0,0,0,0,0,0,0,0,0,0,0
P4_Floor_RC3_01_5971,1.996134,1.57701,1.288156,0.12,0,0,0,46129.5,0,13341.40039,0,0,0,1004720,0,0,0,447748,146211,6119.669922,0,0,0,12441.2002,0,0,0,0,0,0,0
P4_Floor_RC4_01_5972,1.700409,1.577077,1.171822,0.12,0,0,0,0,0,23628.30078,0,0,14739.2002,1368190,0,0,0,364677,25194.40039,0,0,0,0,0,0,0,0,0,0,0,0
P4_Floor_RC5_01_5973,1.282409,1.574102,1.037522,0.12,0,16756.30078,0,65319.30078,0,23048.30078,23613.40039,0,23701.69922,1267770,0,0,0,381671,290075,21250.19922,0,0,0,24495.5,0,0,0,0,0,0,0
P4_Floor_RC6_01_5974,0.931954,1.562118,0.955665,0.12,0,21616.19922,0,69326.79688,0,37216.39844,30889.09961,0,11566.90039,1129110,0,0,0,188140,247035,33560.10156,5942.200195,0,0,30518.59961,0,0,0,0,0,0,0
P4_Floor_RC7_01_5975,2.192909,1.571185,1.064054,0.12,0,0,0,28796,0,6956.77002,0,0,0,1232340,0,0,0,407772,94997.79688,6669.600098,0,0,0,10752.09961,0,0,0,0,0,0,0
P4_Floor_RC8_01_5976,2.008768,1.582346,1.039587,0.12,0,16036.7002,0,57159.10156,0,41165.10156,13572.2002,0,14216.7002,1336110,0,0,0,447716,233178,26994.19922,0,0,5079.490234,34414,0,0,0,0,0,0,0
P4_Floor_RC9_01_5977,1.651434,1.578047,0.824911,0.12,0,0,0,57105.10156,0,38698.5,0,0,0,1497620,20007.19922,0,0,523967,123482,9608.330078,0,0,0,15139.90039,0,0,0,0,0,0,0
P4_Floor_RD1_01_5981,1.260445,1.572167,0.209457,0.12,0,0,0,44728.30078,0,34408.89844,0,0,0,1406980,0,0,0,183368,125532,30258.69922,0,0,0,5387.200195,0,0,0,0,0,0,0
P4_Floor_RD2_01_5982,0.887247,1.560469,0.224409,0.12,0,0,0,67735.70313,0,40599.69922,0,0,0,1290580,0,0,0,153383,197182,5880.450195,0,0,0,22626.19922,0,0,0,0,0,0,0
